date,temp_mean,city
2023-01-01,13.6,Paris
2023-01-02,10.8,Paris
2023-01-03,7.7,Paris
2023-01-04,11.7,Paris
2023-01-05,12.7,Paris
2023-01-06,11.3,Paris
2023-01-07,9.2,Paris
2023-01-08,9.4,Paris
2023-01-09,7.1,Paris
2023-01-10,7.1,Paris
2023-01-11,10.9,Paris
2023-01-12,11.0,Paris
2023-01-13,9.5,Paris
2023-01-14,10.6,Paris
2023-01-15,7.2,Paris
2023-01-16,5.3,Paris
2023-01-17,1.6,Paris
2023-01-18,1.4,Paris
2023-01-19,0.9,Paris
2023-01-20,1.7,Paris
2023-01-21,1.2,Paris
2023-01-22,0.5,Paris
2023-01-23,1.7,Paris
2023-01-24,1.3,Paris
2023-01-25,1.5,Paris
2023-01-26,2.1,Paris
2023-01-27,4.0,Paris
2023-01-28,2.5,Paris
2023-01-29,1.6,Paris
2023-01-30,5.5,Paris
2023-01-31,4.2,Paris
2023-02-01,7.7,Paris
2023-02-02,7.5,Paris
2023-02-03,8.4,Paris
2023-02-04,8.9,Paris
2023-02-05,6.8,Paris
2023-02-06,3.3,Paris
2023-02-07,1.9,Paris
2023-02-08,-0.1,Paris
2023-02-09,0.3,Paris
2023-02-10,4.8,Paris
2023-02-11,4.8,Paris
2023-02-12,7.4,Paris
2023-02-13,4.4,Paris
2023-02-14,4.0,Paris
2023-02-15,5.0,Paris
2023-02-16,7.7,Paris
2023-02-17,12.2,Paris
2023-02-18,11.0,Paris
2023-02-19,9.9,Paris
2023-02-20,5.9,Paris
2023-02-21,6.5,Paris
2023-02-22,8.5,Paris
2023-02-23,7.7,Paris
2023-02-24,6.8,Paris
2023-02-25,5.4,Paris
2023-02-26,2.2,Paris
2023-02-27,2.1,Paris
2023-02-28,1.6,Paris
2023-03-01,1.9,Paris
2023-03-02,2.8,Paris
2023-03-03,3.6,Paris
2023-03-04,3.0,Paris
2023-03-05,5.1,Paris
2023-03-06,4.9,Paris
2023-03-07,6.0,Paris
2023-03-08,10.0,Paris
2023-03-09,11.4,Paris
2023-03-10,8.1,Paris
2023-03-11,4.8,Paris
2023-03-12,10.7,Paris
2023-03-13,13.3,Paris
2023-03-14,8.6,Paris
2023-03-15,6.4,Paris
2023-03-16,9.9,Paris
2023-03-17,11.5,Paris
2023-03-18,11.4,Paris
2023-03-19,9.1,Paris
2023-03-20,8.0,Paris
2023-03-21,11.2,Paris
2023-03-22,10.8,Paris
2023-03-23,13.2,Paris
2023-03-24,12.6,Paris
2023-03-25,10.6,Paris
2023-03-26,9.6,Paris
2023-03-27,6.9,Paris
2023-03-28,7.1,Paris
2023-03-29,13.9,Paris
2023-03-30,14.1,Paris
2023-03-31,12.0,Paris
2023-04-01,10.6,Paris
2023-04-02,8.5,Paris
2023-04-03,7.7,Paris
2023-04-04,5.7,Paris
2023-04-05,6.8,Paris
2023-04-06,9.9,Paris
2023-04-07,9.3,Paris
2023-04-08,8.5,Paris
2023-04-09,10.0,Paris
2023-04-10,11.7,Paris
2023-04-11,10.4,Paris
2023-04-12,10.5,Paris
2023-04-13,8.2,Paris
2023-04-14,6.8,Paris
2023-04-15,9.1,Paris
2023-04-16,8.9,Paris
2023-04-17,8.4,Paris
2023-04-18,10.8,Paris
2023-04-19,12.5,Paris
2023-04-20,9.4,Paris
2023-04-21,7.5,Paris
2023-04-22,11.0,Paris
2023-04-23,11.4,Paris
2023-04-24,10.3,Paris
2023-04-25,8.6,Paris
2023-04-26,8.3,Paris
2023-04-27,12.8,Paris
2023-04-28,16.5,Paris
2023-04-29,12.4,Paris
2023-04-30,12.8,Paris
2023-05-01,12.5,Paris
2023-05-02,12.7,Paris
2023-05-03,13.3,Paris
2023-05-04,16.6,Paris
2023-05-05,15.0,Paris
2023-05-06,15.7,Paris
2023-05-07,15.4,Paris
2023-05-08,14.6,Paris
2023-05-09,14.2,Paris
2023-05-10,12.5,Paris
2023-05-11,12.3,Paris
2023-05-12,11.9,Paris
2023-05-13,14.7,Paris
2023-05-14,13.7,Paris
2023-05-15,11.7,Paris
2023-05-16,10.8,Paris
2023-05-17,11.6,Paris
2023-05-18,12.0,Paris
2023-05-19,13.6,Paris
2023-05-20,15.9,Paris
2023-05-21,16.8,Paris
2023-05-22,16.3,Paris
2023-05-23,14.9,Paris
2023-05-24,13.3,Paris
2023-05-25,15.3,Paris
2023-05-26,15.9,Paris
2023-05-27,17.5,Paris
2023-05-28,19.1,Paris
2023-05-29,18.3,Paris
2023-05-30,16.8,Paris
2023-05-31,19.0,Paris
2023-06-01,20.3,Paris
2023-06-02,15.4,Paris
2023-06-03,17.8,Paris
2023-06-04,19.7,Paris
2023-06-05,19.9,Paris
2023-06-06,19.3,Paris
2023-06-07,21.2,Paris
2023-06-08,21.4,Paris
2023-06-09,23.4,Paris
2023-06-10,23.0,Paris
2023-06-11,21.4,Paris
2023-06-12,21.2,Paris
2023-06-13,22.6,Paris
2023-06-14,22.2,Paris
2023-06-15,22.0,Paris
2023-06-16,22.5,Paris
2023-06-17,23.7,Paris
2023-06-18,23.5,Paris
2023-06-19,20.4,Paris
2023-06-20,21.5,Paris
2023-06-21,21.7,Paris
2023-06-22,19.9,Paris
2023-06-23,20.6,Paris
2023-06-24,22.0,Paris
2023-06-25,24.4,Paris
2023-06-26,19.9,Paris
2023-06-27,19.6,Paris
2023-06-28,20.8,Paris
2023-06-29,21.7,Paris
2023-06-30,19.9,Paris
2023-07-01,19.9,Paris
2023-07-02,19.2,Paris
2023-07-03,19.6,Paris
2023-07-04,18.0,Paris
2023-07-05,17.3,Paris
2023-07-06,19.2,Paris
2023-07-07,23.1,Paris
2023-07-08,26.5,Paris
2023-07-09,23.5,Paris
2023-07-10,23.3,Paris
2023-07-11,24.9,Paris
2023-07-12,21.3,Paris
2023-07-13,20.4,Paris
2023-07-14,23.0,Paris
2023-07-15,23.0,Paris
2023-07-16,20.5,Paris
2023-07-17,19.9,Paris
2023-07-18,21.8,Paris
2023-07-19,21.0,Paris
2023-07-20,20.1,Paris
2023-07-21,19.5,Paris
2023-07-22,19.8,Paris
2023-07-23,20.0,Paris
2023-07-24,19.6,Paris
2023-07-25,17.0,Paris
2023-07-26,17.8,Paris
2023-07-27,19.4,Paris
2023-07-28,20.2,Paris
2023-07-29,20.0,Paris
2023-07-30,18.9,Paris
2023-07-31,19.4,Paris
2023-08-01,18.8,Paris
2023-08-02,19.6,Paris
2023-08-03,17.2,Paris
2023-08-04,17.3,Paris
2023-08-05,16.1,Paris
2023-08-06,16.2,Paris
2023-08-07,16.8,Paris
2023-08-08,18.6,Paris
2023-08-09,19.5,Paris
2023-08-10,20.3,Paris
2023-08-11,21.8,Paris
2023-08-12,21.5,Paris
2023-08-13,19.6,Paris
2023-08-14,20.6,Paris
2023-08-15,20.5,Paris
2023-08-16,20.7,Paris
2023-08-17,22.2,Paris
2023-08-18,23.9,Paris
2023-08-19,23.8,Paris
2023-08-20,23.1,Paris
2023-08-21,21.8,Paris
2023-08-22,23.0,Paris
2023-08-23,24.2,Paris
2023-08-24,22.7,Paris
2023-08-25,20.5,Paris
2023-08-26,17.6,Paris
2023-08-27,16.4,Paris
2023-08-28,16.5,Paris
2023-08-29,16.2,Paris
2023-08-30,16.4,Paris
2023-08-31,15.8,Paris
2023-09-01,19.2,Paris
2023-09-02,21.3,Paris
2023-09-03,23.1,Paris
2023-09-04,22.9,Paris
2023-09-05,24.9,Paris
2023-09-06,24.7,Paris
2023-09-07,23.0,Paris
2023-09-08,25.8,Paris
2023-09-09,26.1,Paris
2023-09-10,26.5,Paris
2023-09-11,22.7,Paris
2023-09-12,18.9,Paris
2023-09-13,18.8,Paris
2023-09-14,18.9,Paris
2023-09-15,19.4,Paris
2023-09-16,19.4,Paris
2023-09-17,20.2,Paris
2023-09-18,19.0,Paris
2023-09-19,17.2,Paris
2023-09-20,20.0,Paris
2023-09-21,17.3,Paris
2023-09-22,13.4,Paris
2023-09-23,13.6,Paris
2023-09-24,13.7,Paris
2023-09-25,16.2,Paris
2023-09-26,17.7,Paris
2023-09-27,18.9,Paris
2023-09-28,19.1,Paris
2023-09-29,18.9,Paris
2023-09-30,15.3,Paris
2023-10-01,18.0,Paris
2023-10-02,19.6,Paris
2023-10-03,18.3,Paris
2023-10-04,13.9,Paris
2023-10-05,13.8,Paris
2023-10-06,14.2,Paris
2023-10-07,16.0,Paris
2023-10-08,17.6,Paris
2023-10-09,16.9,Paris
2023-10-10,18.1,Paris
2023-10-11,18.7,Paris
2023-10-12,19.2,Paris
2023-10-13,20.9,Paris
2023-10-14,14.1,Paris
2023-10-15,10.3,Paris
2023-10-16,8.5,Paris
2023-10-17,10.7,Paris
2023-10-18,15.5,Paris
2023-10-19,17.2,Paris
2023-10-20,15.1,Paris
2023-10-21,13.1,Paris
2023-10-22,13.0,Paris
2023-10-23,10.3,Paris
2023-10-24,12.8,Paris
2023-10-25,13.1,Paris
2023-10-26,13.3,Paris
2023-10-27,12.3,Paris
2023-10-28,12.5,Paris
2023-10-29,13.8,Paris
2023-10-30,11.9,Paris
2023-10-31,11.5,Paris
2023-11-01,12.4,Paris
2023-11-02,12.0,Paris
2023-11-03,8.3,Paris
2023-11-04,10.5,Paris
2023-11-05,11.5,Paris
2023-11-06,10.1,Paris
2023-11-07,9.3,Paris
2023-11-08,9.4,Paris
2023-11-09,10.4,Paris
2023-11-10,8.7,Paris
2023-11-11,7.7,Paris
2023-11-12,9.5,Paris
2023-11-13,14.5,Paris
2023-11-14,11.9,Paris
2023-11-15,10.5,Paris
2023-11-16,8.8,Paris
2023-11-17,8.2,Paris
2023-11-18,10.7,Paris
2023-11-19,13.7,Paris
2023-11-20,11.0,Paris
2023-11-21,9.8,Paris
2023-11-22,7.3,Paris
2023-11-23,10.4,Paris
2023-11-24,9.4,Paris
2023-11-25,4.5,Paris
2023-11-26,3.4,Paris
2023-11-27,6.4,Paris
2023-11-28,5.4,Paris
2023-11-29,4.2,Paris
2023-11-30,3.0,Paris
2023-12-01,2.3,Paris
2023-12-02,-0.6,Paris
2023-12-03,0.8,Paris
2023-12-04,5.9,Paris
2023-12-05,7.2,Paris
2023-12-06,5.1,Paris
2023-12-07,4.3,Paris
2023-12-08,7.2,Paris
2023-12-09,9.5,Paris
2023-12-10,10.3,Paris
2023-12-11,10.9,Paris
2023-12-12,10.8,Paris
2023-12-13,8.3,Paris
2023-12-14,7.6,Paris
2023-12-15,7.5,Paris
2023-12-16,5.2,Paris
2023-12-17,3.1,Paris
2023-12-18,2.2,Paris
2023-12-19,6.8,Paris
2023-12-20,7.9,Paris
2023-12-21,10.7,Paris
2023-12-22,10.2,Paris
2023-12-23,9.9,Paris
2023-12-24,10.2,Paris
2023-12-25,11.4,Paris
2023-12-26,10.7,Paris
2023-12-27,9.3,Paris
2023-12-28,10.4,Paris
2023-12-29,10.0,Paris
2023-12-30,9.6,Paris
2023-12-31,9.3,Paris
2023-01-01,10.4,London
2023-01-02,5.9,London
2023-01-03,7.9,London
2023-01-04,12.0,London
2023-01-05,10.5,London
2023-01-06,9.6,London
2023-01-07,10.3,London
2023-01-08,7.4,London
2023-01-09,5.8,London
2023-01-10,8.3,London
2023-01-11,8.8,London
2023-01-12,10.5,London
2023-01-13,7.5,London
2023-01-14,8.9,London
2023-01-15,4.9,London
2023-01-16,2.4,London
2023-01-17,-2.2,London
2023-01-18,-0.5,London
2023-01-19,-0.3,London
2023-01-20,1.7,London
2023-01-21,1.3,London
2023-01-22,-1.8,London
2023-01-23,-1.1,London
2023-01-24,1.8,London
2023-01-25,0.7,London
2023-01-26,4.7,London
2023-01-27,4.1,London
2023-01-28,2.2,London
2023-01-29,4.4,London
2023-01-30,6.1,London
2023-01-31,6.2,London
2023-02-01,6.3,London
2023-02-02,7.7,London
2023-02-03,9.5,London
2023-02-04,7.5,London
2023-02-05,5.0,London
2023-02-06,2.3,London
2023-02-07,1.3,London
2023-02-08,0.5,London
2023-02-09,2.3,London
2023-02-10,2.3,London
2023-02-11,7.9,London
2023-02-12,7.3,London
2023-02-13,5.8,London
2023-02-14,5.1,London
2023-02-15,6.5,London
2023-02-16,9.6,London
2023-02-17,11.7,London
2023-02-18,11.1,London
2023-02-19,8.7,London
2023-02-20,9.2,London
2023-02-21,8.2,London
2023-02-22,6.0,London
2023-02-23,5.9,London
2023-02-24,4.0,London
2023-02-25,4.3,London
2023-02-26,4.1,London
2023-02-27,3.8,London
2023-02-28,4.6,London
2023-03-01,5.3,London
2023-03-02,4.1,London
2023-03-03,3.9,London
2023-03-04,5.1,London
2023-03-05,3.3,London
2023-03-06,3.7,London
2023-03-07,3.0,London
2023-03-08,1.3,London
2023-03-09,6.2,London
2023-03-10,4.3,London
2023-03-11,2.5,London
2023-03-12,9.9,London
2023-03-13,11.7,London
2023-03-14,6.4,London
2023-03-15,4.5,London
2023-03-16,10.4,London
2023-03-17,10.8,London
2023-03-18,10.1,London
2023-03-19,8.3,London
2023-03-20,9.8,London
2023-03-21,10.8,London
2023-03-22,11.4,London
2023-03-23,10.8,London
2023-03-24,9.8,London
2023-03-25,10.0,London
2023-03-26,7.5,London
2023-03-27,5.3,London
2023-03-28,7.0,London
2023-03-29,11.4,London
2023-03-30,12.1,London
2023-03-31,10.9,London
2023-04-01,9.7,London
2023-04-02,7.9,London
2023-04-03,5.6,London
2023-04-04,5.7,London
2023-04-05,6.6,London
2023-04-06,9.5,London
2023-04-07,8.2,London
2023-04-08,7.9,London
2023-04-09,9.3,London
2023-04-10,11.0,London
2023-04-11,8.8,London
2023-04-12,7.7,London
2023-04-13,8.3,London
2023-04-14,7.2,London
2023-04-15,9.7,London
2023-04-16,9.9,London
2023-04-17,10.7,London
2023-04-18,8.9,London
2023-04-19,10.3,London
2023-04-20,8.9,London
2023-04-21,7.3,London
2023-04-22,8.0,London
2023-04-23,10.4,London
2023-04-24,8.1,London
2023-04-25,6.5,London
2023-04-26,7.9,London
2023-04-27,9.3,London
2023-04-28,13.3,London
2023-04-29,10.9,London
2023-04-30,11.4,London
2023-05-01,12.0,London
2023-05-02,10.5,London
2023-05-03,9.4,London
2023-05-04,13.0,London
2023-05-05,13.7,London
2023-05-06,12.5,London
2023-05-07,15.0,London
2023-05-08,12.6,London
2023-05-09,14.0,London
2023-05-10,12.7,London
2023-05-11,12.4,London
2023-05-12,11.1,London
2023-05-13,11.7,London
2023-05-14,12.5,London
2023-05-15,12.1,London
2023-05-16,11.1,London
2023-05-17,12.0,London
2023-05-18,13.0,London
2023-05-19,12.1,London
2023-05-20,13.0,London
2023-05-21,13.0,London
2023-05-22,14.2,London
2023-05-23,13.0,London
2023-05-24,14.4,London
2023-05-25,13.4,London
2023-05-26,12.6,London
2023-05-27,13.0,London
2023-05-28,14.0,London
2023-05-29,12.5,London
2023-05-30,12.8,London
2023-05-31,14.0,London
2023-06-01,13.5,London
2023-06-02,13.2,London
2023-06-03,14.7,London
2023-06-04,14.9,London
2023-06-05,13.1,London
2023-06-06,13.2,London
2023-06-07,14.3,London
2023-06-08,14.8,London
2023-06-09,17.6,London
2023-06-10,21.4,London
2023-06-11,22.4,London
2023-06-12,21.4,London
2023-06-13,20.0,London
2023-06-14,19.0,London
2023-06-15,19.2,London
2023-06-16,19.3,London
2023-06-17,18.6,London
2023-06-18,19.1,London
2023-06-19,18.7,London
2023-06-20,19.0,London
2023-06-21,19.3,London
2023-06-22,20.3,London
2023-06-23,20.5,London
2023-06-24,21.2,London
2023-06-25,22.5,London
2023-06-26,18.5,London
2023-06-27,18.5,London
2023-06-28,20.3,London
2023-06-29,18.6,London
2023-06-30,16.4,London
2023-07-01,19.2,London
2023-07-02,16.5,London
2023-07-03,15.7,London
2023-07-04,15.1,London
2023-07-05,15.5,London
2023-07-06,16.2,London
2023-07-07,20.3,London
2023-07-08,21.6,London
2023-07-09,18.7,London
2023-07-10,18.7,London
2023-07-11,19.3,London
2023-07-12,17.6,London
2023-07-13,17.6,London
2023-07-14,16.9,London
2023-07-15,17.0,London
2023-07-16,17.0,London
2023-07-17,16.8,London
2023-07-18,17.1,London
2023-07-19,18.0,London
2023-07-20,17.4,London
2023-07-21,16.5,London
2023-07-22,15.4,London
2023-07-23,18.9,London
2023-07-24,15.8,London
2023-07-25,15.7,London
2023-07-26,15.7,London
2023-07-27,19.1,London
2023-07-28,18.7,London
2023-07-29,18.4,London
2023-07-30,17.0,London
2023-07-31,18.1,London
2023-08-01,17.6,London
2023-08-02,17.3,London
2023-08-03,17.0,London
2023-08-04,16.5,London
2023-08-05,15.2,London
2023-08-06,14.8,London
2023-08-07,15.5,London
2023-08-08,14.8,London
2023-08-09,17.6,London
2023-08-10,19.5,London
2023-08-11,20.2,London
2023-08-12,17.8,London
2023-08-13,18.0,London
2023-08-14,18.2,London
2023-08-15,17.9,London
2023-08-16,18.3,London
2023-08-17,18.5,London
2023-08-18,19.7,London
2023-08-19,20.2,London
2023-08-20,18.9,London
2023-08-21,18.4,London
2023-08-22,19.2,London
2023-08-23,19.3,London
2023-08-24,20.0,London
2023-08-25,16.9,London
2023-08-26,15.2,London
2023-08-27,15.2,London
2023-08-28,15.6,London
2023-08-29,15.6,London
2023-08-30,15.8,London
2023-08-31,14.1,London
2023-09-01,17.7,London
2023-09-02,18.6,London
2023-09-03,18.6,London
2023-09-04,20.0,London
2023-09-05,20.8,London
2023-09-06,21.9,London
2023-09-07,22.9,London
2023-09-08,23.4,London
2023-09-09,24.2,London
2023-09-10,23.2,London
2023-09-11,20.9,London
2023-09-12,18.9,London
2023-09-13,16.3,London
2023-09-14,17.1,London
2023-09-15,17.5,London
2023-09-16,18.7,London
2023-09-17,18.2,London
2023-09-18,17.0,London
2023-09-19,16.7,London
2023-09-20,18.0,London
2023-09-21,14.0,London
2023-09-22,12.5,London
2023-09-23,12.7,London
2023-09-24,16.9,London
2023-09-25,18.1,London
2023-09-26,17.2,London
2023-09-27,17.4,London
2023-09-28,16.7,London
2023-09-29,17.1,London
2023-09-30,14.7,London
2023-10-01,18.2,London
2023-10-02,17.7,London
2023-10-03,14.9,London
2023-10-04,13.9,London
2023-10-05,14.7,London
2023-10-06,16.5,London
2023-10-07,17.6,London
2023-10-08,16.8,London
2023-10-09,16.7,London
2023-10-10,16.5,London
2023-10-11,17.2,London
2023-10-12,15.1,London
2023-10-13,17.1,London
2023-10-14,9.8,London
2023-10-15,6.9,London
2023-10-16,7.7,London
2023-10-17,11.7,London
2023-10-18,12.8,London
2023-10-19,15.8,London
2023-10-20,14.2,London
2023-10-21,12.8,London
2023-10-22,10.0,London
2023-10-23,10.9,London
2023-10-24,10.3,London
2023-10-25,10.3,London
2023-10-26,11.2,London
2023-10-27,10.0,London
2023-10-28,11.8,London
2023-10-29,10.8,London
2023-10-30,10.9,London
2023-10-31,9.9,London
2023-11-01,12.0,London
2023-11-02,10.4,London
2023-11-03,9.5,London
2023-11-04,8.6,London
2023-11-05,9.0,London
2023-11-06,8.9,London
2023-11-07,7.8,London
2023-11-08,9.5,London
2023-11-09,8.0,London
2023-11-10,6.6,London
2023-11-11,5.4,London
2023-11-12,6.8,London
2023-11-13,12.2,London
2023-11-14,10.5,London
2023-11-15,8.7,London
2023-11-16,5.8,London
2023-11-17,6.1,London
2023-11-18,12.1,London
2023-11-19,12.0,London
2023-11-20,9.9,London
2023-11-21,9.4,London
2023-11-22,6.9,London
2023-11-23,10.5,London
2023-11-24,7.0,London
2023-11-25,1.6,London
2023-11-26,3.4,London
2023-11-27,7.9,London
2023-11-28,3.8,London
2023-11-29,1.3,London
2023-11-30,0.1,London
2023-12-01,-0.0,London
2023-12-02,-2.4,London
2023-12-03,4.3,London
2023-12-04,6.5,London
2023-12-05,5.4,London
2023-12-06,2.5,London
2023-12-07,6.3,London
2023-12-08,8.0,London
2023-12-09,9.6,London
2023-12-10,9.3,London
2023-12-11,8.5,London
2023-12-12,9.2,London
2023-12-13,7.1,London
2023-12-14,4.6,London
2023-12-15,5.1,London
2023-12-16,8.6,London
2023-12-17,9.0,London
2023-12-18,9.9,London
2023-12-19,10.2,London
2023-12-20,7.7,London
2023-12-21,11.2,London
2023-12-22,10.0,London
2023-12-23,9.4,London
2023-12-24,12.4,London
2023-12-25,12.3,London
2023-12-26,7.2,London
2023-12-27,10.0,London
2023-12-28,10.7,London
2023-12-29,8.7,London
2023-12-30,8.9,London
2023-12-31,8.4,London
2023-01-01,8.9,New York
2023-01-02,7.8,New York
2023-01-03,9.4,New York
2023-01-04,13.0,New York
2023-01-05,9.9,New York
2023-01-06,6.1,New York
2023-01-07,3.6,New York
2023-01-08,1.3,New York
2023-01-09,3.0,New York
2023-01-10,2.6,New York
2023-01-11,0.9,New York
2023-01-12,5.2,New York
2023-01-13,9.2,New York
2023-01-14,0.9,New York
2023-01-15,0.6,New York
2023-01-16,1.5,New York
2023-01-17,2.4,New York
2023-01-18,6.6,New York
2023-01-19,3.9,New York
2023-01-20,5.3,New York
2023-01-21,2.7,New York
2023-01-22,1.3,New York
2023-01-23,2.4,New York
2023-01-24,2.2,New York
2023-01-25,2.1,New York
2023-01-26,7.4,New York
2023-01-27,2.1,New York
2023-01-28,4.3,New York
2023-01-29,5.5,New York
2023-01-30,6.0,New York
2023-01-31,3.3,New York
2023-02-01,-0.7,New York
2023-02-02,-0.3,New York
2023-02-03,-4.5,New York
2023-02-04,-9.7,New York
2023-02-05,1.3,New York
2023-02-06,4.1,New York
2023-02-07,0.3,New York
2023-02-08,4.7,New York
2023-02-09,4.6,New York
2023-02-10,11.1,New York
2023-02-11,3.6,New York
2023-02-12,2.7,New York
2023-02-13,6.5,New York
2023-02-14,6.2,New York
2023-02-15,10.1,New York
2023-02-16,12.6,New York
2023-02-17,9.6,New York
2023-02-18,0.8,New York
2023-02-19,3.9,New York
2023-02-20,8.9,New York
2023-02-21,4.3,New York
2023-02-22,2.4,New York
2023-02-23,4.5,New York
2023-02-24,3.8,New York
2023-02-25,-3.1,New York
2023-02-26,2.1,New York
2023-02-27,1.5,New York
2023-02-28,0.9,New York
2023-03-01,1.8,New York
2023-03-02,6.7,New York
2023-03-03,3.2,New York
2023-03-04,5.3,New York
2023-03-05,5.4,New York
2023-03-06,5.8,New York
2023-03-07,3.6,New York
2023-03-08,2.8,New York
2023-03-09,4.2,New York
2023-03-10,3.2,New York
2023-03-11,4.1,New York
2023-03-12,3.3,New York
2023-03-13,4.5,New York
2023-03-14,2.0,New York
2023-03-15,3.2,New York
2023-03-16,5.4,New York
2023-03-17,8.4,New York
2023-03-18,7.5,New York
2023-03-19,1.1,New York
2023-03-20,3.1,New York
2023-03-21,7.3,New York
2023-03-22,7.7,New York
2023-03-23,10.6,New York
2023-03-24,8.6,New York
2023-03-25,5.5,New York
2023-03-26,9.3,New York
2023-03-27,7.7,New York
2023-03-28,6.5,New York
2023-03-29,5.2,New York
2023-03-30,3.2,New York
2023-03-31,5.8,New York
2023-04-01,14.7,New York
2023-04-02,6.8,New York
2023-04-03,7.0,New York
2023-04-04,13.2,New York
2023-04-05,11.6,New York
2023-04-06,16.5,New York
2023-04-07,11.1,New York
2023-04-08,6.0,New York
2023-04-09,6.3,New York
2023-04-10,9.0,New York
2023-04-11,14.7,New York
2023-04-12,20.4,New York
2023-04-13,22.0,New York
2023-04-14,21.9,New York
2023-04-15,17.5,New York
2023-04-16,15.7,New York
2023-04-17,14.3,New York
2023-04-18,11.2,New York
2023-04-19,10.3,New York
2023-04-20,10.4,New York
2023-04-21,13.0,New York
2023-04-22,14.2,New York
2023-04-23,14.5,New York
2023-04-24,11.1,New York
2023-04-25,10.3,New York
2023-04-26,9.9,New York
2023-04-27,10.5,New York
2023-04-28,9.7,New York
2023-04-29,10.6,New York
2023-04-30,12.7,New York
2023-05-01,12.5,New York
2023-05-02,10.3,New York
2023-05-03,9.4,New York
2023-05-04,10.1,New York
2023-05-05,11.5,New York
2023-05-06,14.1,New York
2023-05-07,16.3,New York
2023-05-08,18.1,New York
2023-05-09,14.0,New York
2023-05-10,14.2,New York
2023-05-11,17.7,New York
2023-05-12,21.0,New York
2023-05-13,21.9,New York
2023-05-14,17.5,New York
2023-05-15,17.4,New York
2023-05-16,20.2,New York
2023-05-17,15.0,New York
2023-05-18,11.0,New York
2023-05-19,14.8,New York
2023-05-20,15.7,New York
2023-05-21,17.2,New York
2023-05-22,16.8,New York
2023-05-23,14.4,New York
2023-05-24,15.5,New York
2023-05-25,14.6,New York
2023-05-26,16.0,New York
2023-05-27,17.1,New York
2023-05-28,17.6,New York
2023-05-29,18.4,New York
2023-05-30,15.5,New York
2023-05-31,16.0,New York
2023-06-01,19.4,New York
2023-06-02,22.2,New York
2023-06-03,18.3,New York
2023-06-04,15.4,New York
2023-06-05,17.7,New York
2023-06-06,19.5,New York
2023-06-07,18.7,New York
2023-06-08,16.7,New York
2023-06-09,16.8,New York
2023-06-10,19.0,New York
2023-06-11,21.2,New York
2023-06-12,20.9,New York
2023-06-13,20.9,New York
2023-06-14,18.4,New York
2023-06-15,20.3,New York
2023-06-16,19.1,New York
2023-06-17,19.9,New York
2023-06-18,21.3,New York
2023-06-19,20.4,New York
2023-06-20,19.4,New York
2023-06-21,18.7,New York
2023-06-22,18.1,New York
2023-06-23,19.7,New York
2023-06-24,21.5,New York
2023-06-25,22.9,New York
2023-06-26,21.7,New York
2023-06-27,21.7,New York
2023-06-28,22.8,New York
2023-06-29,22.3,New York
2023-06-30,22.9,New York
2023-07-01,22.4,New York
2023-07-02,24.4,New York
2023-07-03,25.5,New York
2023-07-04,24.6,New York
2023-07-05,26.2,New York
2023-07-06,25.9,New York
2023-07-07,25.1,New York
2023-07-08,25.3,New York
2023-07-09,23.1,New York
2023-07-10,24.2,New York
2023-07-11,24.7,New York
2023-07-12,26.6,New York
2023-07-13,26.8,New York
2023-07-14,24.3,New York
2023-07-15,24.7,New York
2023-07-16,23.9,New York
2023-07-17,25.4,New York
2023-07-18,24.9,New York
2023-07-19,22.9,New York
2023-07-20,24.0,New York
2023-07-21,24.2,New York
2023-07-22,23.5,New York
2023-07-23,23.8,New York
2023-07-24,24.2,New York
2023-07-25,23.1,New York
2023-07-26,23.8,New York
2023-07-27,27.1,New York
2023-07-28,27.5,New York
2023-07-29,27.8,New York
2023-07-30,21.9,New York
2023-07-31,22.6,New York
2023-08-01,21.9,New York
2023-08-02,20.8,New York
2023-08-03,21.5,New York
2023-08-04,23.0,New York
2023-08-05,24.4,New York
2023-08-06,24.1,New York
2023-08-07,24.1,New York
2023-08-08,23.8,New York
2023-08-09,24.3,New York
2023-08-10,21.9,New York
2023-08-11,23.3,New York
2023-08-12,22.7,New York
2023-08-13,25.3,New York
2023-08-14,24.4,New York
2023-08-15,23.9,New York
2023-08-16,22.9,New York
2023-08-17,22.8,New York
2023-08-18,23.6,New York
2023-08-19,20.6,New York
2023-08-20,22.6,New York
2023-08-21,24.9,New York
2023-08-22,22.1,New York
2023-08-23,20.3,New York
2023-08-24,21.3,New York
2023-08-25,23.4,New York
2023-08-26,24.6,New York
2023-08-27,23.1,New York
2023-08-28,21.5,New York
2023-08-29,22.5,New York
2023-08-30,24.3,New York
2023-08-31,20.5,New York
2023-09-01,18.8,New York
2023-09-02,19.6,New York
2023-09-03,25.1,New York
2023-09-04,26.8,New York
2023-09-05,28.0,New York
2023-09-06,28.8,New York
2023-09-07,27.6,New York
2023-09-08,25.1,New York
2023-09-09,23.6,New York
2023-09-10,21.8,New York
2023-09-11,22.8,New York
2023-09-12,23.0,New York
2023-09-13,22.2,New York
2023-09-14,20.2,New York
2023-09-15,17.2,New York
2023-09-16,18.9,New York
2023-09-17,18.3,New York
2023-09-18,18.8,New York
2023-09-19,17.8,New York
2023-09-20,17.1,New York
2023-09-21,16.7,New York
2023-09-22,17.1,New York
2023-09-23,15.0,New York
2023-09-24,17.1,New York
2023-09-25,16.0,New York
2023-09-26,15.1,New York
2023-09-27,13.6,New York
2023-09-28,14.2,New York
2023-09-29,15.1,New York
2023-09-30,16.2,New York
2023-10-01,18.8,New York
2023-10-02,19.7,New York
2023-10-03,19.2,New York
2023-10-04,20.0,New York
2023-10-05,17.8,New York
2023-10-06,19.7,New York
2023-10-07,17.0,New York
2023-10-08,12.8,New York
2023-10-09,11.4,New York
2023-10-10,13.3,New York
2023-10-11,13.9,New York
2023-10-12,13.7,New York
2023-10-13,12.7,New York
2023-10-14,10.4,New York
2023-10-15,12.0,New York
2023-10-16,11.5,New York
2023-10-17,12.1,New York
2023-10-18,12.1,New York
2023-10-19,12.6,New York
2023-10-20,15.1,New York
2023-10-21,14.5,New York
2023-10-22,11.4,New York
2023-10-23,10.5,New York
2023-10-24,10.5,New York
2023-10-25,14.2,New York
2023-10-26,16.9,New York
2023-10-27,17.4,New York
2023-10-28,20.5,New York
2023-10-29,12.7,New York
2023-10-30,13.7,New York
2023-10-31,9.1,New York
2023-11-01,6.6,New York
2023-11-02,4.3,New York
2023-11-03,6.4,New York
2023-11-04,8.5,New York
2023-11-05,10.3,New York
2023-11-06,7.9,New York
2023-11-07,13.9,New York
2023-11-08,7.4,New York
2023-11-09,9.1,New York
2023-11-10,8.1,New York
2023-11-11,7.2,New York
2023-11-12,2.8,New York
2023-11-13,3.1,New York
2023-11-14,6.0,New York
2023-11-15,4.9,New York
2023-11-16,8.7,New York
2023-11-17,11.5,New York
2023-11-18,9.9,New York
2023-11-19,6.0,New York
2023-11-20,3.1,New York
2023-11-21,3.8,New York
2023-11-22,11.1,New York
2023-11-23,7.9,New York
2023-11-24,5.1,New York
2023-11-25,0.4,New York
2023-11-26,4.2,New York
2023-11-27,7.4,New York
2023-11-28,0.8,New York
2023-11-29,-1.3,New York
2023-11-30,2.9,New York
2023-12-01,4.9,New York
2023-12-02,8.7,New York
2023-12-03,8.5,New York
2023-12-04,7.2,New York
2023-12-05,3.8,New York
2023-12-06,1.4,New York
2023-12-07,0.1,New York
2023-12-08,2.9,New York
2023-12-09,6.6,New York
2023-12-10,11.7,New York
2023-12-11,5.8,New York
2023-12-12,2.1,New York
2023-12-13,2.9,New York
2023-12-14,0.4,New York
2023-12-15,4.4,New York
2023-12-16,6.0,New York
2023-12-17,9.4,New York
2023-12-18,11.5,New York
2023-12-19,2.8,New York
2023-12-20,1.2,New York
2023-12-21,0.8,New York
2023-12-22,-2.2,New York
2023-12-23,0.6,New York
2023-12-24,4.2,New York
2023-12-25,5.8,New York
2023-12-26,4.7,New York
2023-12-27,6.8,New York
2023-12-28,9.8,New York
2023-12-29,9.4,New York
2023-12-30,5.3,New York
2023-12-31,2.7,New York
2023-01-01,4.2,Tokyo
2023-01-02,4.1,Tokyo
2023-01-03,3.4,Tokyo
2023-01-04,3.4,Tokyo
2023-01-05,3.3,Tokyo
2023-01-06,2.8,Tokyo
2023-01-07,4.3,Tokyo
2023-01-08,4.9,Tokyo
2023-01-09,5.5,Tokyo
2023-01-10,5.0,Tokyo
2023-01-11,3.6,Tokyo
2023-01-12,4.0,Tokyo
2023-01-13,5.8,Tokyo
2023-01-14,9.6,Tokyo
2023-01-15,9.4,Tokyo
2023-01-16,6.0,Tokyo
2023-01-17,3.9,Tokyo
2023-01-18,6.0,Tokyo
2023-01-19,5.2,Tokyo
2023-01-20,6.0,Tokyo
2023-01-21,3.8,Tokyo
2023-01-22,2.8,Tokyo
2023-01-23,2.8,Tokyo
2023-01-24,2.7,Tokyo
2023-01-25,-1.9,Tokyo
2023-01-26,0.3,Tokyo
2023-01-27,0.7,Tokyo
2023-01-28,1.6,Tokyo
2023-01-29,1.3,Tokyo
2023-01-30,1.9,Tokyo
2023-01-31,2.9,Tokyo
2023-02-01,4.4,Tokyo
2023-02-02,5.1,Tokyo
2023-02-03,3.1,Tokyo
2023-02-04,4.8,Tokyo
2023-02-05,4.6,Tokyo
2023-02-06,5.4,Tokyo
2023-02-07,8.4,Tokyo
2023-02-08,8.0,Tokyo
2023-02-09,5.1,Tokyo
2023-02-10,0.9,Tokyo
2023-02-11,7.5,Tokyo
2023-02-12,8.6,Tokyo
2023-02-13,7.0,Tokyo
2023-02-14,4.3,Tokyo
2023-02-15,1.9,Tokyo
2023-02-16,2.1,Tokyo
2023-02-17,3.3,Tokyo
2023-02-18,6.2,Tokyo
2023-02-19,10.1,Tokyo
2023-02-20,8.0,Tokyo
2023-02-21,3.1,Tokyo
2023-02-22,3.7,Tokyo
2023-02-23,5.5,Tokyo
2023-02-24,6.8,Tokyo
2023-02-25,6.2,Tokyo
2023-02-26,4.6,Tokyo
2023-02-27,7.1,Tokyo
2023-02-28,9.0,Tokyo
2023-03-01,12.2,Tokyo
2023-03-02,12.0,Tokyo
2023-03-03,6.4,Tokyo
2023-03-04,8.6,Tokyo
2023-03-05,8.5,Tokyo
2023-03-06,9.5,Tokyo
2023-03-07,10.4,Tokyo
2023-03-08,12.0,Tokyo
2023-03-09,14.4,Tokyo
2023-03-10,16.9,Tokyo
2023-03-11,13.1,Tokyo
2023-03-12,13.1,Tokyo
2023-03-13,13.8,Tokyo
2023-03-14,8.7,Tokyo
2023-03-15,10.9,Tokyo
2023-03-16,13.4,Tokyo
2023-03-17,12.0,Tokyo
2023-03-18,8.1,Tokyo
2023-03-19,8.9,Tokyo
2023-03-20,11.0,Tokyo
2023-03-21,13.4,Tokyo
2023-03-22,15.6,Tokyo
2023-03-23,15.6,Tokyo
2023-03-24,18.5,Tokyo
2023-03-25,10.9,Tokyo
2023-03-26,11.2,Tokyo
2023-03-27,12.3,Tokyo
2023-03-28,9.9,Tokyo
2023-03-29,11.2,Tokyo
2023-03-30,12.8,Tokyo
2023-03-31,13.4,Tokyo
2023-04-01,13.7,Tokyo
2023-04-02,13.0,Tokyo
2023-04-03,11.3,Tokyo
2023-04-04,12.0,Tokyo
2023-04-05,14.4,Tokyo
2023-04-06,17.2,Tokyo
2023-04-07,18.6,Tokyo
2023-04-08,15.1,Tokyo
2023-04-09,10.4,Tokyo
2023-04-10,12.0,Tokyo
2023-04-11,16.3,Tokyo
2023-04-12,18.2,Tokyo
2023-04-13,14.3,Tokyo
2023-04-14,17.3,Tokyo
2023-04-15,14.0,Tokyo
2023-04-16,16.3,Tokyo
2023-04-17,13.7,Tokyo
2023-04-18,12.7,Tokyo
2023-04-19,16.2,Tokyo
2023-04-20,17.9,Tokyo
2023-04-21,19.6,Tokyo
2023-04-22,13.9,Tokyo
2023-04-23,12.9,Tokyo
2023-04-24,12.3,Tokyo
2023-04-25,13.4,Tokyo
2023-04-26,16.3,Tokyo
2023-04-27,15.8,Tokyo
2023-04-28,16.7,Tokyo
2023-04-29,18.2,Tokyo
2023-04-30,19.3,Tokyo
2023-05-01,16.7,Tokyo
2023-05-02,15.5,Tokyo
2023-05-03,16.2,Tokyo
2023-05-04,18.0,Tokyo
2023-05-05,19.3,Tokyo
2023-05-06,22.3,Tokyo
2023-05-07,18.2,Tokyo
2023-05-08,12.9,Tokyo
2023-05-09,12.9,Tokyo
2023-05-10,15.3,Tokyo
2023-05-11,15.5,Tokyo
2023-05-12,15.6,Tokyo
2023-05-13,16.2,Tokyo
2023-05-14,17.0,Tokyo
2023-05-15,16.1,Tokyo
2023-05-16,18.5,Tokyo
2023-05-17,20.3,Tokyo
2023-05-18,23.1,Tokyo
2023-05-19,20.0,Tokyo
2023-05-20,19.0,Tokyo
2023-05-21,19.5,Tokyo
2023-05-22,21.3,Tokyo
2023-05-23,14.2,Tokyo
2023-05-24,16.6,Tokyo
2023-05-25,16.9,Tokyo
2023-05-26,18.9,Tokyo
2023-05-27,19.1,Tokyo
2023-05-28,20.4,Tokyo
2023-05-29,19.3,Tokyo
2023-05-30,20.5,Tokyo
2023-05-31,18.3,Tokyo
2023-06-01,19.2,Tokyo
2023-06-02,21.3,Tokyo
2023-06-03,19.7,Tokyo
2023-06-04,20.1,Tokyo
2023-06-05,21.5,Tokyo
2023-06-06,19.8,Tokyo
2023-06-07,21.4,Tokyo
2023-06-08,22.1,Tokyo
2023-06-09,21.5,Tokyo
2023-06-10,21.6,Tokyo
2023-06-11,21.1,Tokyo
2023-06-12,21.4,Tokyo
2023-06-13,22.9,Tokyo
2023-06-14,22.5,Tokyo
2023-06-15,21.9,Tokyo
2023-06-16,23.3,Tokyo
2023-06-17,23.3,Tokyo
2023-06-18,23.5,Tokyo
2023-06-19,22.5,Tokyo
2023-06-20,21.4,Tokyo
2023-06-21,21.5,Tokyo
2023-06-22,20.4,Tokyo
2023-06-23,20.5,Tokyo
2023-06-24,23.4,Tokyo
2023-06-25,24.2,Tokyo
2023-06-26,24.5,Tokyo
2023-06-27,24.5,Tokyo
2023-06-28,25.9,Tokyo
2023-06-29,26.6,Tokyo
2023-06-30,25.9,Tokyo
2023-07-01,25.3,Tokyo
2023-07-02,25.6,Tokyo
2023-07-03,25.1,Tokyo
2023-07-04,24.4,Tokyo
2023-07-05,24.5,Tokyo
2023-07-06,26.1,Tokyo
2023-07-07,26.6,Tokyo
2023-07-08,27.0,Tokyo
2023-07-09,27.1,Tokyo
2023-07-10,29.2,Tokyo
2023-07-11,28.9,Tokyo
2023-07-12,29.9,Tokyo
2023-07-13,27.7,Tokyo
2023-07-14,27.2,Tokyo
2023-07-15,27.8,Tokyo
2023-07-16,30.8,Tokyo
2023-07-17,31.7,Tokyo
2023-07-18,32.0,Tokyo
2023-07-19,30.3,Tokyo
2023-07-20,27.9,Tokyo
2023-07-21,27.3,Tokyo
2023-07-22,27.2,Tokyo
2023-07-23,27.5,Tokyo
2023-07-24,28.3,Tokyo
2023-07-25,29.9,Tokyo
2023-07-26,30.8,Tokyo
2023-07-27,30.5,Tokyo
2023-07-28,30.0,Tokyo
2023-07-29,29.9,Tokyo
2023-07-30,30.5,Tokyo
2023-07-31,30.7,Tokyo
2023-08-01,27.8,Tokyo
2023-08-02,29.1,Tokyo
2023-08-03,30.0,Tokyo
2023-08-04,31.2,Tokyo
2023-08-05,30.5,Tokyo
2023-08-06,29.1,Tokyo
2023-08-07,29.4,Tokyo
2023-08-08,29.8,Tokyo
2023-08-09,27.3,Tokyo
2023-08-10,28.2,Tokyo
2023-08-11,27.9,Tokyo
2023-08-12,28.4,Tokyo
2023-08-13,28.0,Tokyo
2023-08-14,27.4,Tokyo
2023-08-15,27.5,Tokyo
2023-08-16,27.7,Tokyo
2023-08-17,28.5,Tokyo
2023-08-18,28.5,Tokyo
2023-08-19,29.0,Tokyo
2023-08-20,29.1,Tokyo
2023-08-21,29.8,Tokyo
2023-08-22,28.2,Tokyo
2023-08-23,27.8,Tokyo
2023-08-24,28.2,Tokyo
2023-08-25,28.7,Tokyo
2023-08-26,27.0,Tokyo
2023-08-27,27.2,Tokyo
2023-08-28,28.5,Tokyo
2023-08-29,28.5,Tokyo
2023-08-30,28.6,Tokyo
2023-08-31,29.2,Tokyo
2023-09-01,28.9,Tokyo
2023-09-02,29.7,Tokyo
2023-09-03,29.3,Tokyo
2023-09-04,26.5,Tokyo
2023-09-05,28.1,Tokyo
2023-09-06,27.0,Tokyo
2023-09-07,26.0,Tokyo
2023-09-08,22.9,Tokyo
2023-09-09,24.9,Tokyo
2023-09-10,26.8,Tokyo
2023-09-11,27.2,Tokyo
2023-09-12,26.4,Tokyo
2023-09-13,26.1,Tokyo
2023-09-14,27.1,Tokyo
2023-09-15,27.6,Tokyo
2023-09-16,27.4,Tokyo
2023-09-17,27.6,Tokyo
2023-09-18,27.7,Tokyo
2023-09-19,27.5,Tokyo
2023-09-20,26.6,Tokyo
2023-09-21,25.8,Tokyo
2023-09-22,25.6,Tokyo
2023-09-23,22.6,Tokyo
2023-09-24,21.3,Tokyo
2023-09-25,20.8,Tokyo
2023-09-26,22.8,Tokyo
2023-09-27,24.1,Tokyo
2023-09-28,26.0,Tokyo
2023-09-29,25.1,Tokyo
2023-09-30,23.9,Tokyo
2023-10-01,24.0,Tokyo
2023-10-02,22.7,Tokyo
2023-10-03,21.3,Tokyo
2023-10-04,19.0,Tokyo
2023-10-05,18.9,Tokyo
2023-10-06,19.0,Tokyo
2023-10-07,18.2,Tokyo
2023-10-08,16.6,Tokyo
2023-10-09,15.7,Tokyo
2023-10-10,19.7,Tokyo
2023-10-11,18.7,Tokyo
2023-10-12,17.3,Tokyo
2023-10-13,16.9,Tokyo
2023-10-14,16.1,Tokyo
2023-10-15,15.3,Tokyo
2023-10-16,17.9,Tokyo
2023-10-17,17.8,Tokyo
2023-10-18,17.4,Tokyo
2023-10-19,18.3,Tokyo
2023-10-20,19.4,Tokyo
2023-10-21,17.1,Tokyo
2023-10-22,13.9,Tokyo
2023-10-23,14.9,Tokyo
2023-10-24,16.5,Tokyo
2023-10-25,16.8,Tokyo
2023-10-26,16.7,Tokyo
2023-10-27,16.2,Tokyo
2023-10-28,16.0,Tokyo
2023-10-29,15.9,Tokyo
2023-10-30,16.0,Tokyo
2023-10-31,16.1,Tokyo
2023-11-01,16.7,Tokyo
2023-11-02,17.0,Tokyo
2023-11-03,17.2,Tokyo
2023-11-04,18.4,Tokyo
2023-11-05,18.9,Tokyo
2023-11-06,20.3,Tokyo
2023-11-07,22.0,Tokyo
2023-11-08,16.3,Tokyo
2023-11-09,15.1,Tokyo
2023-11-10,14.4,Tokyo
2023-11-11,12.6,Tokyo
2023-11-12,9.3,Tokyo
2023-11-13,9.4,Tokyo
2023-11-14,10.5,Tokyo
2023-11-15,10.4,Tokyo
2023-11-16,11.2,Tokyo
2023-11-17,11.1,Tokyo
2023-11-18,10.6,Tokyo
2023-11-19,10.7,Tokyo
2023-11-20,9.9,Tokyo
2023-11-21,9.6,Tokyo
2023-11-22,11.5,Tokyo
2023-11-23,13.0,Tokyo
2023-11-24,14.4,Tokyo
2023-11-25,8.6,Tokyo
2023-11-26,6.7,Tokyo
2023-11-27,9.3,Tokyo
2023-11-28,11.9,Tokyo
2023-11-29,9.9,Tokyo
2023-11-30,9.3,Tokyo
2023-12-01,7.2,Tokyo
2023-12-02,6.1,Tokyo
2023-12-03,6.7,Tokyo
2023-12-04,8.5,Tokyo
2023-12-05,6.3,Tokyo
2023-12-06,11.0,Tokyo
2023-12-07,11.4,Tokyo
2023-12-08,10.7,Tokyo
2023-12-09,10.0,Tokyo
2023-12-10,11.6,Tokyo
2023-12-11,12.1,Tokyo
2023-12-12,12.1,Tokyo
2023-12-13,9.4,Tokyo
2023-12-14,7.9,Tokyo
2023-12-15,10.4,Tokyo
2023-12-16,16.4,Tokyo
2023-12-17,8.9,Tokyo
2023-12-18,4.3,Tokyo
2023-12-19,4.4,Tokyo
2023-12-20,6.2,Tokyo
2023-12-21,4.8,Tokyo
2023-12-22,2.7,Tokyo
2023-12-23,3.2,Tokyo
2023-12-24,2.9,Tokyo
2023-12-25,3.7,Tokyo
2023-12-26,5.7,Tokyo
2023-12-27,6.1,Tokyo
2023-12-28,5.2,Tokyo
2023-12-29,5.7,Tokyo
2023-12-30,7.5,Tokyo
2023-12-31,8.1,Tokyo
2023-01-01,21.7,Sydney
2023-01-02,21.9,Sydney
2023-01-03,22.4,Sydney
2023-01-04,20.9,Sydney
2023-01-05,18.3,Sydney
2023-01-06,17.2,Sydney
2023-01-07,18.2,Sydney
2023-01-08,18.6,Sydney
2023-01-09,19.2,Sydney
2023-01-10,20.1,Sydney
2023-01-11,20.9,Sydney
2023-01-12,21.1,Sydney
2023-01-13,21.5,Sydney
2023-01-14,22.1,Sydney
2023-01-15,23.0,Sydney
2023-01-16,22.8,Sydney
2023-01-17,22.2,Sydney
2023-01-18,23.2,Sydney
2023-01-19,19.5,Sydney
2023-01-20,18.4,Sydney
2023-01-21,19.7,Sydney
2023-01-22,18.7,Sydney
2023-01-23,19.9,Sydney
2023-01-24,20.9,Sydney
2023-01-25,21.1,Sydney
2023-01-26,23.8,Sydney
2023-01-27,22.5,Sydney
2023-01-28,23.9,Sydney
2023-01-29,24.9,Sydney
2023-01-30,22.7,Sydney
2023-01-31,21.9,Sydney
2023-02-01,21.8,Sydney
2023-02-02,22.9,Sydney
2023-02-03,22.4,Sydney
2023-02-04,19.8,Sydney
2023-02-05,20.2,Sydney
2023-02-06,22.5,Sydney
2023-02-07,22.4,Sydney
2023-02-08,22.0,Sydney
2023-02-09,20.5,Sydney
2023-02-10,21.3,Sydney
2023-02-11,23.8,Sydney
2023-02-12,22.4,Sydney
2023-02-13,20.9,Sydney
2023-02-14,20.0,Sydney
2023-02-15,20.6,Sydney
2023-02-16,21.6,Sydney
2023-02-17,22.3,Sydney
2023-02-18,24.1,Sydney
2023-02-19,22.9,Sydney
2023-02-20,23.9,Sydney
2023-02-21,22.9,Sydney
2023-02-22,20.4,Sydney
2023-02-23,20.0,Sydney
2023-02-24,20.4,Sydney
2023-02-25,20.6,Sydney
2023-02-26,22.6,Sydney
2023-02-27,22.7,Sydney
2023-02-28,22.3,Sydney
2023-03-01,21.9,Sydney
2023-03-02,21.3,Sydney
2023-03-03,20.7,Sydney
2023-03-04,20.9,Sydney
2023-03-05,22.0,Sydney
2023-03-06,26.8,Sydney
2023-03-07,24.0,Sydney
2023-03-08,22.0,Sydney
2023-03-09,20.0,Sydney
2023-03-10,20.3,Sydney
2023-03-11,22.6,Sydney
2023-03-12,21.5,Sydney
2023-03-13,21.1,Sydney
2023-03-14,20.4,Sydney
2023-03-15,21.2,Sydney
2023-03-16,24.8,Sydney
2023-03-17,22.9,Sydney
2023-03-18,23.1,Sydney
2023-03-19,23.4,Sydney
2023-03-20,21.7,Sydney
2023-03-21,20.2,Sydney
2023-03-22,20.0,Sydney
2023-03-23,20.4,Sydney
2023-03-24,20.5,Sydney
2023-03-25,20.3,Sydney
2023-03-26,21.4,Sydney
2023-03-27,21.0,Sydney
2023-03-28,22.0,Sydney
2023-03-29,21.6,Sydney
2023-03-30,18.1,Sydney
2023-03-31,17.4,Sydney
2023-04-01,16.1,Sydney
2023-04-02,17.1,Sydney
2023-04-03,17.8,Sydney
2023-04-04,18.9,Sydney
2023-04-05,18.7,Sydney
2023-04-06,17.4,Sydney
2023-04-07,17.8,Sydney
2023-04-08,17.7,Sydney
2023-04-09,16.1,Sydney
2023-04-10,14.4,Sydney
2023-04-11,15.2,Sydney
2023-04-12,15.5,Sydney
2023-04-13,16.0,Sydney
2023-04-14,16.7,Sydney
2023-04-15,17.4,Sydney
2023-04-16,19.6,Sydney
2023-04-17,16.3,Sydney
2023-04-18,16.5,Sydney
2023-04-19,17.0,Sydney
2023-04-20,17.0,Sydney
2023-04-21,17.1,Sydney
2023-04-22,17.0,Sydney
2023-04-23,17.5,Sydney
2023-04-24,18.4,Sydney
2023-04-25,17.1,Sydney
2023-04-26,16.9,Sydney
2023-04-27,18.0,Sydney
2023-04-28,17.8,Sydney
2023-04-29,16.6,Sydney
2023-04-30,15.0,Sydney
2023-05-01,13.6,Sydney
2023-05-02,15.0,Sydney
2023-05-03,16.6,Sydney
2023-05-04,14.2,Sydney
2023-05-05,14.1,Sydney
2023-05-06,13.3,Sydney
2023-05-07,10.7,Sydney
2023-05-08,11.6,Sydney
2023-05-09,13.3,Sydney
2023-05-10,12.8,Sydney
2023-05-11,13.5,Sydney
2023-05-12,13.9,Sydney
2023-05-13,15.3,Sydney
2023-05-14,14.5,Sydney
2023-05-15,13.4,Sydney
2023-05-16,14.0,Sydney
2023-05-17,13.5,Sydney
2023-05-18,12.1,Sydney
2023-05-19,11.3,Sydney
2023-05-20,11.4,Sydney
2023-05-21,12.7,Sydney
2023-05-22,11.5,Sydney
2023-05-23,10.6,Sydney
2023-05-24,10.7,Sydney
2023-05-25,13.2,Sydney
2023-05-26,13.6,Sydney
2023-05-27,10.4,Sydney
2023-05-28,10.4,Sydney
2023-05-29,12.3,Sydney
2023-05-30,13.1,Sydney
2023-05-31,14.0,Sydney
2023-06-01,15.4,Sydney
2023-06-02,14.4,Sydney
2023-06-03,15.4,Sydney
2023-06-04,16.4,Sydney
2023-06-05,15.2,Sydney
2023-06-06,14.2,Sydney
2023-06-07,14.4,Sydney
2023-06-08,13.7,Sydney
2023-06-09,12.6,Sydney
2023-06-10,11.4,Sydney
2023-06-11,9.9,Sydney
2023-06-12,11.1,Sydney
2023-06-13,14.3,Sydney
2023-06-14,11.9,Sydney
2023-06-15,11.9,Sydney
2023-06-16,11.1,Sydney
2023-06-17,10.2,Sydney
2023-06-18,10.9,Sydney
2023-06-19,9.5,Sydney
2023-06-20,10.0,Sydney
2023-06-21,8.6,Sydney
2023-06-22,9.9,Sydney
2023-06-23,12.7,Sydney
2023-06-24,12.4,Sydney
2023-06-25,12.6,Sydney
2023-06-26,12.3,Sydney
2023-06-27,11.9,Sydney
2023-06-28,9.7,Sydney
2023-06-29,9.8,Sydney
2023-06-30,10.9,Sydney
2023-07-01,11.8,Sydney
2023-07-02,11.3,Sydney
2023-07-03,11.2,Sydney
2023-07-04,12.5,Sydney
2023-07-05,13.7,Sydney
2023-07-06,11.7,Sydney
2023-07-07,11.3,Sydney
2023-07-08,12.4,Sydney
2023-07-09,12.9,Sydney
2023-07-10,12.7,Sydney
2023-07-11,10.9,Sydney
2023-07-12,10.9,Sydney
2023-07-13,10.2,Sydney
2023-07-14,12.7,Sydney
2023-07-15,16.3,Sydney
2023-07-16,14.1,Sydney
2023-07-17,12.3,Sydney
2023-07-18,12.8,Sydney
2023-07-19,10.6,Sydney
2023-07-20,9.2,Sydney
2023-07-21,11.6,Sydney
2023-07-22,10.4,Sydney
2023-07-23,10.5,Sydney
2023-07-24,12.3,Sydney
2023-07-25,10.8,Sydney
2023-07-26,10.9,Sydney
2023-07-27,11.1,Sydney
2023-07-28,14.5,Sydney
2023-07-29,14.9,Sydney
2023-07-30,16.3,Sydney
2023-07-31,14.2,Sydney
2023-08-01,13.6,Sydney
2023-08-02,13.8,Sydney
2023-08-03,12.9,Sydney
2023-08-04,12.9,Sydney
2023-08-05,13.3,Sydney
2023-08-06,13.7,Sydney
2023-08-07,11.9,Sydney
2023-08-08,12.1,Sydney
2023-08-09,12.5,Sydney
2023-08-10,14.8,Sydney
2023-08-11,12.6,Sydney
2023-08-12,11.6,Sydney
2023-08-13,12.8,Sydney
2023-08-14,12.5,Sydney
2023-08-15,11.4,Sydney
2023-08-16,10.8,Sydney
2023-08-17,11.6,Sydney
2023-08-18,12.7,Sydney
2023-08-19,11.8,Sydney
2023-08-20,14.6,Sydney
2023-08-21,12.8,Sydney
2023-08-22,14.2,Sydney
2023-08-23,14.0,Sydney
2023-08-24,13.2,Sydney
2023-08-25,12.3,Sydney
2023-08-26,12.5,Sydney
2023-08-27,13.0,Sydney
2023-08-28,13.3,Sydney
2023-08-29,13.8,Sydney
2023-08-30,15.4,Sydney
2023-08-31,13.6,Sydney
2023-09-01,13.1,Sydney
2023-09-02,12.7,Sydney
2023-09-03,12.4,Sydney
2023-09-04,13.1,Sydney
2023-09-05,16.5,Sydney
2023-09-06,13.9,Sydney
2023-09-07,15.9,Sydney
2023-09-08,16.0,Sydney
2023-09-09,12.0,Sydney
2023-09-10,11.5,Sydney
2023-09-11,11.9,Sydney
2023-09-12,13.1,Sydney
2023-09-13,13.8,Sydney
2023-09-14,15.1,Sydney
2023-09-15,16.9,Sydney
2023-09-16,21.2,Sydney
2023-09-17,22.5,Sydney
2023-09-18,21.1,Sydney
2023-09-19,23.2,Sydney
2023-09-20,26.3,Sydney
2023-09-21,17.2,Sydney
2023-09-22,14.9,Sydney
2023-09-23,14.1,Sydney
2023-09-24,13.9,Sydney
2023-09-25,15.7,Sydney
2023-09-26,15.7,Sydney
2023-09-27,16.6,Sydney
2023-09-28,17.1,Sydney
2023-09-29,16.6,Sydney
2023-09-30,17.6,Sydney
2023-10-01,24.3,Sydney
2023-10-02,18.5,Sydney
2023-10-03,24.3,Sydney
2023-10-04,21.9,Sydney
2023-10-05,15.9,Sydney
2023-10-06,14.7,Sydney
2023-10-07,14.7,Sydney
2023-10-08,14.2,Sydney
2023-10-09,15.7,Sydney
2023-10-10,16.6,Sydney
2023-10-11,18.0,Sydney
2023-10-12,21.0,Sydney
2023-10-13,16.4,Sydney
2023-10-14,19.2,Sydney
2023-10-15,17.9,Sydney
2023-10-16,16.6,Sydney
2023-10-17,14.7,Sydney
2023-10-18,16.8,Sydney
2023-10-19,16.3,Sydney
2023-10-20,17.6,Sydney
2023-10-21,19.5,Sydney
2023-10-22,21.4,Sydney
2023-10-23,18.7,Sydney
2023-10-24,19.6,Sydney
2023-10-25,19.2,Sydney
2023-10-26,14.0,Sydney
2023-10-27,14.8,Sydney
2023-10-28,15.4,Sydney
2023-10-29,17.2,Sydney
2023-10-30,22.1,Sydney
2023-10-31,21.1,Sydney
2023-11-01,16.2,Sydney
2023-11-02,17.3,Sydney
2023-11-03,18.0,Sydney
2023-11-04,17.2,Sydney
2023-11-05,16.2,Sydney
2023-11-06,16.0,Sydney
2023-11-07,17.4,Sydney
2023-11-08,19.1,Sydney
2023-11-09,19.6,Sydney
2023-11-10,19.2,Sydney
2023-11-11,21.2,Sydney
2023-11-12,20.6,Sydney
2023-11-13,18.8,Sydney
2023-11-14,19.3,Sydney
2023-11-15,19.6,Sydney
2023-11-16,19.4,Sydney
2023-11-17,17.2,Sydney
2023-11-18,17.5,Sydney
2023-11-19,18.8,Sydney
2023-11-20,20.6,Sydney
2023-11-21,20.0,Sydney
2023-11-22,20.3,Sydney
2023-11-23,19.8,Sydney
2023-11-24,20.1,Sydney
2023-11-25,19.7,Sydney
2023-11-26,22.5,Sydney
2023-11-27,20.8,Sydney
2023-11-28,19.6,Sydney
2023-11-29,20.6,Sydney
2023-11-30,20.5,Sydney
2023-12-01,19.8,Sydney
2023-12-02,19.7,Sydney
2023-12-03,18.8,Sydney
2023-12-04,19.2,Sydney
2023-12-05,21.7,Sydney
2023-12-06,21.7,Sydney
2023-12-07,20.6,Sydney
2023-12-08,24.1,Sydney
2023-12-09,28.5,Sydney
2023-12-10,23.1,Sydney
2023-12-11,23.3,Sydney
2023-12-12,23.2,Sydney
2023-12-13,23.2,Sydney
2023-12-14,29.0,Sydney
2023-12-15,22.4,Sydney
2023-12-16,25.0,Sydney
2023-12-17,21.9,Sydney
2023-12-18,22.9,Sydney
2023-12-19,25.6,Sydney
2023-12-20,18.6,Sydney
2023-12-21,18.7,Sydney
2023-12-22,18.9,Sydney
2023-12-23,19.1,Sydney
2023-12-24,19.4,Sydney
2023-12-25,20.9,Sydney
2023-12-26,21.6,Sydney
2023-12-27,20.9,Sydney
2023-12-28,21.3,Sydney
2023-12-29,21.1,Sydney
2023-12-30,20.5,Sydney
2023-12-31,19.3,Sydney
2023-01-01,15.7,Cairo
2023-01-02,15.1,Cairo
2023-01-03,14.8,Cairo
2023-01-04,15.4,Cairo
2023-01-05,14.5,Cairo
2023-01-06,15.3,Cairo
2023-01-07,15.6,Cairo
2023-01-08,15.5,Cairo
2023-01-09,14.0,Cairo
2023-01-10,14.2,Cairo
2023-01-11,14.1,Cairo
2023-01-12,13.9,Cairo
2023-01-13,14.3,Cairo
2023-01-14,15.0,Cairo
2023-01-15,14.4,Cairo
2023-01-16,14.0,Cairo
2023-01-17,12.8,Cairo
2023-01-18,14.3,Cairo
2023-01-19,15.4,Cairo
2023-01-20,14.2,Cairo
2023-01-21,14.4,Cairo
2023-01-22,14.8,Cairo
2023-01-23,15.8,Cairo
2023-01-24,17.4,Cairo
2023-01-25,16.1,Cairo
2023-01-26,15.7,Cairo
2023-01-27,18.5,Cairo
2023-01-28,20.1,Cairo
2023-01-29,17.2,Cairo
2023-01-30,14.7,Cairo
2023-01-31,14.4,Cairo
2023-02-01,13.9,Cairo
2023-02-02,12.4,Cairo
2023-02-03,13.3,Cairo
2023-02-04,13.8,Cairo
2023-02-05,13.9,Cairo
2023-02-06,13.2,Cairo
2023-02-07,11.7,Cairo
2023-02-08,11.2,Cairo
2023-02-09,11.1,Cairo
2023-02-10,11.8,Cairo
2023-02-11,11.8,Cairo
2023-02-12,11.7,Cairo
2023-02-13,12.3,Cairo
2023-02-14,11.4,Cairo
2023-02-15,11.7,Cairo
2023-02-16,12.5,Cairo
2023-02-17,13.1,Cairo
2023-02-18,13.5,Cairo
2023-02-19,14.1,Cairo
2023-02-20,14.3,Cairo
2023-02-21,15.2,Cairo
2023-02-22,14.4,Cairo
2023-02-23,15.3,Cairo
2023-02-24,15.5,Cairo
2023-02-25,16.0,Cairo
2023-02-26,16.6,Cairo
2023-02-27,18.5,Cairo
2023-02-28,20.7,Cairo
2023-03-01,22.0,Cairo
2023-03-02,24.5,Cairo
2023-03-03,20.9,Cairo
2023-03-04,22.0,Cairo
2023-03-05,24.9,Cairo
2023-03-06,18.3,Cairo
2023-03-07,16.6,Cairo
2023-03-08,17.1,Cairo
2023-03-09,19.3,Cairo
2023-03-10,21.4,Cairo
2023-03-11,20.2,Cairo
2023-03-12,21.7,Cairo
2023-03-13,21.1,Cairo
2023-03-14,17.2,Cairo
2023-03-15,16.1,Cairo
2023-03-16,18.3,Cairo
2023-03-17,19.6,Cairo
2023-03-18,16.9,Cairo
2023-03-19,16.3,Cairo
2023-03-20,16.2,Cairo
2023-03-21,18.3,Cairo
2023-03-22,20.0,Cairo
2023-03-23,22.2,Cairo
2023-03-24,23.4,Cairo
2023-03-25,19.4,Cairo
2023-03-26,17.9,Cairo
2023-03-27,18.6,Cairo
2023-03-28,21.1,Cairo
2023-03-29,17.9,Cairo
2023-03-30,15.8,Cairo
2023-03-31,15.5,Cairo
2023-04-01,17.3,Cairo
2023-04-02,20.4,Cairo
2023-04-03,22.4,Cairo
2023-04-04,24.0,Cairo
2023-04-05,20.7,Cairo
2023-04-06,20.7,Cairo
2023-04-07,25.2,Cairo
2023-04-08,25.5,Cairo
2023-04-09,25.3,Cairo
2023-04-10,23.7,Cairo
2023-04-11,18.6,Cairo
2023-04-12,16.1,Cairo
2023-04-13,18.8,Cairo
2023-04-14,21.4,Cairo
2023-04-15,22.5,Cairo
2023-04-16,22.6,Cairo
2023-04-17,25.9,Cairo
2023-04-18,28.5,Cairo
2023-04-19,26.3,Cairo
2023-04-20,21.3,Cairo
2023-04-21,20.6,Cairo
2023-04-22,22.0,Cairo
2023-04-23,22.8,Cairo
2023-04-24,23.6,Cairo
2023-04-25,24.1,Cairo
2023-04-26,25.1,Cairo
2023-04-27,25.6,Cairo
2023-04-28,21.0,Cairo
2023-04-29,19.1,Cairo
2023-04-30,19.3,Cairo
2023-05-01,20.8,Cairo
2023-05-02,22.5,Cairo
2023-05-03,23.6,Cairo
2023-05-04,25.8,Cairo
2023-05-05,26.0,Cairo
2023-05-06,23.1,Cairo
2023-05-07,21.9,Cairo
2023-05-08,21.8,Cairo
2023-05-09,22.7,Cairo
2023-05-10,24.8,Cairo
2023-05-11,27.5,Cairo
2023-05-12,25.2,Cairo
2023-05-13,23.1,Cairo
2023-05-14,23.8,Cairo
2023-05-15,24.8,Cairo
2023-05-16,27.1,Cairo
2023-05-17,27.7,Cairo
2023-05-18,23.5,Cairo
2023-05-19,22.8,Cairo
2023-05-20,23.6,Cairo
2023-05-21,29.4,Cairo
2023-05-22,28.7,Cairo
2023-05-23,28.0,Cairo
2023-05-24,27.5,Cairo
2023-05-25,27.2,Cairo
2023-05-26,27.4,Cairo
2023-05-27,30.3,Cairo
2023-05-28,27.3,Cairo
2023-05-29,25.8,Cairo
2023-05-30,28.0,Cairo
2023-05-31,30.8,Cairo
2023-06-01,32.4,Cairo
2023-06-02,35.0,Cairo
2023-06-03,29.0,Cairo
2023-06-04,27.9,Cairo
2023-06-05,27.2,Cairo
2023-06-06,27.4,Cairo
2023-06-07,29.9,Cairo
2023-06-08,32.7,Cairo
2023-06-09,33.4,Cairo
2023-06-10,28.7,Cairo
2023-06-11,28.6,Cairo
2023-06-12,29.8,Cairo
2023-06-13,30.3,Cairo
2023-06-14,27.9,Cairo
2023-06-15,28.4,Cairo
2023-06-16,31.3,Cairo
2023-06-17,30.9,Cairo
2023-06-18,27.8,Cairo
2023-06-19,26.9,Cairo
2023-06-20,27.8,Cairo
2023-06-21,28.7,Cairo
2023-06-22,28.8,Cairo
2023-06-23,29.8,Cairo
2023-06-24,30.5,Cairo
2023-06-25,30.4,Cairo
2023-06-26,29.4,Cairo
2023-06-27,30.3,Cairo
2023-06-28,30.2,Cairo
2023-06-29,29.6,Cairo
2023-06-30,29.0,Cairo
2023-07-01,29.8,Cairo
2023-07-02,29.7,Cairo
2023-07-03,32.0,Cairo
2023-07-04,33.1,Cairo
2023-07-05,29.8,Cairo
2023-07-06,30.1,Cairo
2023-07-07,30.4,Cairo
2023-07-08,31.0,Cairo
2023-07-09,30.2,Cairo
2023-07-10,30.1,Cairo
2023-07-11,31.3,Cairo
2023-07-12,31.2,Cairo
2023-07-13,31.5,Cairo
2023-07-14,32.5,Cairo
2023-07-15,32.7,Cairo
2023-07-16,34.2,Cairo
2023-07-17,34.6,Cairo
2023-07-18,33.5,Cairo
2023-07-19,32.3,Cairo
2023-07-20,32.9,Cairo
2023-07-21,32.4,Cairo
2023-07-22,33.6,Cairo
2023-07-23,34.7,Cairo
2023-07-24,34.7,Cairo
2023-07-25,33.8,Cairo
2023-07-26,34.5,Cairo
2023-07-27,35.4,Cairo
2023-07-28,34.1,Cairo
2023-07-29,31.3,Cairo
2023-07-30,30.5,Cairo
2023-07-31,30.9,Cairo
2023-08-01,31.6,Cairo
2023-08-02,32.6,Cairo
2023-08-03,31.6,Cairo
2023-08-04,31.8,Cairo
2023-08-05,32.5,Cairo
2023-08-06,35.4,Cairo
2023-08-07,34.9,Cairo
2023-08-08,31.4,Cairo
2023-08-09,30.1,Cairo
2023-08-10,30.7,Cairo
2023-08-11,29.2,Cairo
2023-08-12,29.8,Cairo
2023-08-13,30.3,Cairo
2023-08-14,30.1,Cairo
2023-08-15,30.4,Cairo
2023-08-16,30.1,Cairo
2023-08-17,30.1,Cairo
2023-08-18,30.4,Cairo
2023-08-19,30.4,Cairo
2023-08-20,30.0,Cairo
2023-08-21,30.3,Cairo
2023-08-22,30.3,Cairo
2023-08-23,30.7,Cairo
2023-08-24,30.6,Cairo
2023-08-25,31.0,Cairo
2023-08-26,32.1,Cairo
2023-08-27,32.1,Cairo
2023-08-28,31.6,Cairo
2023-08-29,30.9,Cairo
2023-08-30,31.9,Cairo
2023-08-31,32.6,Cairo
2023-09-01,30.4,Cairo
2023-09-02,30.2,Cairo
2023-09-03,29.5,Cairo
2023-09-04,29.0,Cairo
2023-09-05,31.3,Cairo
2023-09-06,32.3,Cairo
2023-09-07,35.2,Cairo
2023-09-08,33.5,Cairo
2023-09-09,31.8,Cairo
2023-09-10,32.6,Cairo
2023-09-11,32.7,Cairo
2023-09-12,28.8,Cairo
2023-09-13,29.3,Cairo
2023-09-14,28.5,Cairo
2023-09-15,28.6,Cairo
2023-09-16,29.0,Cairo
2023-09-17,28.9,Cairo
2023-09-18,29.7,Cairo
2023-09-19,28.2,Cairo
2023-09-20,28.5,Cairo
2023-09-21,28.6,Cairo
2023-09-22,28.8,Cairo
2023-09-23,29.0,Cairo
2023-09-24,28.8,Cairo
2023-09-25,29.5,Cairo
2023-09-26,29.8,Cairo
2023-09-27,30.5,Cairo
2023-09-28,31.4,Cairo
2023-09-29,30.0,Cairo
2023-09-30,28.9,Cairo
2023-10-01,28.1,Cairo
2023-10-02,25.9,Cairo
2023-10-03,26.0,Cairo
2023-10-04,27.0,Cairo
2023-10-05,28.1,Cairo
2023-10-06,27.1,Cairo
2023-10-07,26.4,Cairo
2023-10-08,26.8,Cairo
2023-10-09,27.3,Cairo
2023-10-10,25.8,Cairo
2023-10-11,25.5,Cairo
2023-10-12,25.2,Cairo
2023-10-13,25.3,Cairo
2023-10-14,24.7,Cairo
2023-10-15,24.5,Cairo
2023-10-16,24.1,Cairo
2023-10-17,24.8,Cairo
2023-10-18,24.6,Cairo
2023-10-19,25.0,Cairo
2023-10-20,25.4,Cairo
2023-10-21,24.8,Cairo
2023-10-22,24.9,Cairo
2023-10-23,25.5,Cairo
2023-10-24,26.2,Cairo
2023-10-25,26.2,Cairo
2023-10-26,27.5,Cairo
2023-10-27,27.0,Cairo
2023-10-28,26.8,Cairo
2023-10-29,26.9,Cairo
2023-10-30,27.0,Cairo
2023-10-31,25.9,Cairo
2023-11-01,25.9,Cairo
2023-11-02,26.2,Cairo
2023-11-03,25.6,Cairo
2023-11-04,26.0,Cairo
2023-11-05,25.1,Cairo
2023-11-06,25.3,Cairo
2023-11-07,24.6,Cairo
2023-11-08,24.0,Cairo
2023-11-09,24.2,Cairo
2023-11-10,23.7,Cairo
2023-11-11,23.9,Cairo
2023-11-12,24.9,Cairo
2023-11-13,24.1,Cairo
2023-11-14,22.7,Cairo
2023-11-15,22.0,Cairo
2023-11-16,22.1,Cairo
2023-11-17,22.8,Cairo
2023-11-18,23.1,Cairo
2023-11-19,20.6,Cairo
2023-11-20,17.7,Cairo
2023-11-21,18.6,Cairo
2023-11-22,19.7,Cairo
2023-11-23,18.8,Cairo
2023-11-24,18.5,Cairo
2023-11-25,20.2,Cairo
2023-11-26,20.0,Cairo
2023-11-27,18.5,Cairo
2023-11-28,16.4,Cairo
2023-11-29,17.6,Cairo
2023-11-30,18.5,Cairo
2023-12-01,19.0,Cairo
2023-12-02,19.2,Cairo
2023-12-03,19.8,Cairo
2023-12-04,19.5,Cairo
2023-12-05,17.7,Cairo
2023-12-06,18.2,Cairo
2023-12-07,16.9,Cairo
2023-12-08,16.3,Cairo
2023-12-09,15.7,Cairo
2023-12-10,16.8,Cairo
2023-12-11,17.3,Cairo
2023-12-12,15.9,Cairo
2023-12-13,17.7,Cairo
2023-12-14,18.3,Cairo
2023-12-15,19.5,Cairo
2023-12-16,18.1,Cairo
2023-12-17,17.9,Cairo
2023-12-18,18.7,Cairo
2023-12-19,17.8,Cairo
2023-12-20,15.7,Cairo
2023-12-21,16.0,Cairo
2023-12-22,15.7,Cairo
2023-12-23,17.2,Cairo
2023-12-24,18.0,Cairo
2023-12-25,18.2,Cairo
2023-12-26,17.9,Cairo
2023-12-27,17.6,Cairo
2023-12-28,17.3,Cairo
2023-12-29,18.0,Cairo
2023-12-30,16.7,Cairo
2023-12-31,17.0,Cairo
2023-01-01,25.0,Rio de Janeiro
2023-01-02,26.1,Rio de Janeiro
2023-01-03,27.8,Rio de Janeiro
2023-01-04,27.4,Rio de Janeiro
2023-01-05,23.7,Rio de Janeiro
2023-01-06,22.3,Rio de Janeiro
2023-01-07,21.4,Rio de Janeiro
2023-01-08,22.5,Rio de Janeiro
2023-01-09,23.2,Rio de Janeiro
2023-01-10,24.1,Rio de Janeiro
2023-01-11,25.6,Rio de Janeiro
2023-01-12,26.5,Rio de Janeiro
2023-01-13,28.3,Rio de Janeiro
2023-01-14,28.6,Rio de Janeiro
2023-01-15,28.7,Rio de Janeiro
2023-01-16,27.6,Rio de Janeiro
2023-01-17,27.5,Rio de Janeiro
2023-01-18,26.9,Rio de Janeiro
2023-01-19,26.6,Rio de Janeiro
2023-01-20,25.3,Rio de Janeiro
2023-01-21,25.2,Rio de Janeiro
2023-01-22,25.9,Rio de Janeiro
2023-01-23,26.8,Rio de Janeiro
2023-01-24,25.1,Rio de Janeiro
2023-01-25,25.0,Rio de Janeiro
2023-01-26,24.8,Rio de Janeiro
2023-01-27,25.5,Rio de Janeiro
2023-01-28,26.7,Rio de Janeiro
2023-01-29,27.5,Rio de Janeiro
2023-01-30,27.9,Rio de Janeiro
2023-01-31,28.0,Rio de Janeiro
2023-02-01,26.9,Rio de Janeiro
2023-02-02,27.8,Rio de Janeiro
2023-02-03,28.0,Rio de Janeiro
2023-02-04,28.9,Rio de Janeiro
2023-02-05,28.6,Rio de Janeiro
2023-02-06,28.0,Rio de Janeiro
2023-02-07,26.3,Rio de Janeiro
2023-02-08,24.7,Rio de Janeiro
2023-02-09,25.5,Rio de Janeiro
2023-02-10,26.9,Rio de Janeiro
2023-02-11,26.2,Rio de Janeiro
2023-02-12,26.0,Rio de Janeiro
2023-02-13,26.4,Rio de Janeiro
2023-02-14,27.7,Rio de Janeiro
2023-02-15,28.4,Rio de Janeiro
2023-02-16,28.2,Rio de Janeiro
2023-02-17,28.9,Rio de Janeiro
2023-02-18,27.2,Rio de Janeiro
2023-02-19,25.8,Rio de Janeiro
2023-02-20,26.0,Rio de Janeiro
2023-02-21,27.2,Rio de Janeiro
2023-02-22,26.2,Rio de Janeiro
2023-02-23,26.3,Rio de Janeiro
2023-02-24,27.4,Rio de Janeiro
2023-02-25,28.8,Rio de Janeiro
2023-02-26,29.7,Rio de Janeiro
2023-02-27,27.5,Rio de Janeiro
2023-02-28,26.7,Rio de Janeiro
2023-03-01,26.3,Rio de Janeiro
2023-03-02,27.8,Rio de Janeiro
2023-03-03,28.9,Rio de Janeiro
2023-03-04,29.5,Rio de Janeiro
2023-03-05,29.6,Rio de Janeiro
2023-03-06,28.3,Rio de Janeiro
2023-03-07,29.9,Rio de Janeiro
2023-03-08,29.1,Rio de Janeiro
2023-03-09,29.7,Rio de Janeiro
2023-03-10,29.1,Rio de Janeiro
2023-03-11,26.9,Rio de Janeiro
2023-03-12,25.9,Rio de Janeiro
2023-03-13,25.9,Rio de Janeiro
2023-03-14,26.0,Rio de Janeiro
2023-03-15,25.6,Rio de Janeiro
2023-03-16,25.5,Rio de Janeiro
2023-03-17,25.1,Rio de Janeiro
2023-03-18,25.3,Rio de Janeiro
2023-03-19,26.4,Rio de Janeiro
2023-03-20,28.0,Rio de Janeiro
2023-03-21,27.3,Rio de Janeiro
2023-03-22,26.2,Rio de Janeiro
2023-03-23,26.1,Rio de Janeiro
2023-03-24,27.4,Rio de Janeiro
2023-03-25,26.7,Rio de Janeiro
2023-03-26,29.3,Rio de Janeiro
2023-03-27,25.8,Rio de Janeiro
2023-03-28,25.5,Rio de Janeiro
2023-03-29,26.7,Rio de Janeiro
2023-03-30,27.1,Rio de Janeiro
2023-03-31,27.0,Rio de Janeiro
2023-04-01,26.0,Rio de Janeiro
2023-04-02,24.4,Rio de Janeiro
2023-04-03,23.9,Rio de Janeiro
2023-04-04,24.5,Rio de Janeiro
2023-04-05,24.6,Rio de Janeiro
2023-04-06,24.7,Rio de Janeiro
2023-04-07,24.6,Rio de Janeiro
2023-04-08,24.1,Rio de Janeiro
2023-04-09,23.6,Rio de Janeiro
2023-04-10,22.7,Rio de Janeiro
2023-04-11,23.2,Rio de Janeiro
2023-04-12,24.4,Rio de Janeiro
2023-04-13,25.6,Rio de Janeiro
2023-04-14,25.4,Rio de Janeiro
2023-04-15,24.9,Rio de Janeiro
2023-04-16,23.9,Rio de Janeiro
2023-04-17,25.8,Rio de Janeiro
2023-04-18,27.0,Rio de Janeiro
2023-04-19,24.6,Rio de Janeiro
2023-04-20,23.5,Rio de Janeiro
2023-04-21,22.2,Rio de Janeiro
2023-04-22,22.4,Rio de Janeiro
2023-04-23,23.0,Rio de Janeiro
2023-04-24,22.4,Rio de Janeiro
2023-04-25,23.1,Rio de Janeiro
2023-04-26,24.6,Rio de Janeiro
2023-04-27,24.7,Rio de Janeiro
2023-04-28,22.7,Rio de Janeiro
2023-04-29,22.4,Rio de Janeiro
2023-04-30,22.5,Rio de Janeiro
2023-05-01,22.9,Rio de Janeiro
2023-05-02,22.9,Rio de Janeiro
2023-05-03,23.2,Rio de Janeiro
2023-05-04,23.6,Rio de Janeiro
2023-05-05,23.5,Rio de Janeiro
2023-05-06,23.8,Rio de Janeiro
2023-05-07,23.7,Rio de Janeiro
2023-05-08,24.3,Rio de Janeiro
2023-05-09,24.2,Rio de Janeiro
2023-05-10,22.7,Rio de Janeiro
2023-05-11,21.6,Rio de Janeiro
2023-05-12,21.3,Rio de Janeiro
2023-05-13,19.9,Rio de Janeiro
2023-05-14,20.6,Rio de Janeiro
2023-05-15,21.2,Rio de Janeiro
2023-05-16,21.8,Rio de Janeiro
2023-05-17,21.4,Rio de Janeiro
2023-05-18,20.8,Rio de Janeiro
2023-05-19,19.5,Rio de Janeiro
2023-05-20,19.7,Rio de Janeiro
2023-05-21,20.6,Rio de Janeiro
2023-05-22,21.7,Rio de Janeiro
2023-05-23,21.9,Rio de Janeiro
2023-05-24,22.7,Rio de Janeiro
2023-05-25,22.1,Rio de Janeiro
2023-05-26,22.8,Rio de Janeiro
2023-05-27,22.0,Rio de Janeiro
2023-05-28,22.2,Rio de Janeiro
2023-05-29,21.5,Rio de Janeiro
2023-05-30,21.0,Rio de Janeiro
2023-05-31,20.4,Rio de Janeiro
2023-06-01,21.3,Rio de Janeiro
2023-06-02,20.6,Rio de Janeiro
2023-06-03,20.3,Rio de Janeiro
2023-06-04,19.7,Rio de Janeiro
2023-06-05,20.1,Rio de Janeiro
2023-06-06,20.0,Rio de Janeiro
2023-06-07,19.6,Rio de Janeiro
2023-06-08,20.2,Rio de Janeiro
2023-06-09,20.6,Rio de Janeiro
2023-06-10,21.7,Rio de Janeiro
2023-06-11,22.7,Rio de Janeiro
2023-06-12,22.2,Rio de Janeiro
2023-06-13,22.2,Rio de Janeiro
2023-06-14,22.2,Rio de Janeiro
2023-06-15,22.8,Rio de Janeiro
2023-06-16,22.9,Rio de Janeiro
2023-06-17,21.2,Rio de Janeiro
2023-06-18,20.1,Rio de Janeiro
2023-06-19,19.4,Rio de Janeiro
2023-06-20,19.0,Rio de Janeiro
2023-06-21,19.4,Rio de Janeiro
2023-06-22,20.0,Rio de Janeiro
2023-06-23,19.8,Rio de Janeiro
2023-06-24,21.2,Rio de Janeiro
2023-06-25,21.0,Rio de Janeiro
2023-06-26,21.2,Rio de Janeiro
2023-06-27,21.9,Rio de Janeiro
2023-06-28,22.2,Rio de Janeiro
2023-06-29,21.4,Rio de Janeiro
2023-06-30,20.4,Rio de Janeiro
2023-07-01,20.8,Rio de Janeiro
2023-07-02,20.6,Rio de Janeiro
2023-07-03,18.9,Rio de Janeiro
2023-07-04,18.1,Rio de Janeiro
2023-07-05,18.5,Rio de Janeiro
2023-07-06,18.9,Rio de Janeiro
2023-07-07,19.5,Rio de Janeiro
2023-07-08,21.1,Rio de Janeiro
2023-07-09,21.7,Rio de Janeiro
2023-07-10,22.1,Rio de Janeiro
2023-07-11,23.1,Rio de Janeiro
2023-07-12,23.8,Rio de Janeiro
2023-07-13,25.9,Rio de Janeiro
2023-07-14,20.1,Rio de Janeiro
2023-07-15,18.9,Rio de Janeiro
2023-07-16,19.7,Rio de Janeiro
2023-07-17,20.6,Rio de Janeiro
2023-07-18,21.1,Rio de Janeiro
2023-07-19,20.6,Rio de Janeiro
2023-07-20,19.5,Rio de Janeiro
2023-07-21,20.4,Rio de Janeiro
2023-07-22,20.8,Rio de Janeiro
2023-07-23,20.8,Rio de Janeiro
2023-07-24,21.8,Rio de Janeiro
2023-07-25,22.2,Rio de Janeiro
2023-07-26,22.1,Rio de Janeiro
2023-07-27,23.0,Rio de Janeiro
2023-07-28,22.5,Rio de Janeiro
2023-07-29,19.9,Rio de Janeiro
2023-07-30,19.1,Rio de Janeiro
2023-07-31,19.2,Rio de Janeiro
2023-08-01,20.2,Rio de Janeiro
2023-08-02,19.6,Rio de Janeiro
2023-08-03,20.9,Rio de Janeiro
2023-08-04,20.7,Rio de Janeiro
2023-08-05,20.6,Rio de Janeiro
2023-08-06,21.9,Rio de Janeiro
2023-08-07,23.3,Rio de Janeiro
2023-08-08,21.5,Rio de Janeiro
2023-08-09,21.6,Rio de Janeiro
2023-08-10,22.7,Rio de Janeiro
2023-08-11,23.9,Rio de Janeiro
2023-08-12,24.1,Rio de Janeiro
2023-08-13,21.6,Rio de Janeiro
2023-08-14,20.8,Rio de Janeiro
2023-08-15,22.2,Rio de Janeiro
2023-08-16,22.5,Rio de Janeiro
2023-08-17,23.1,Rio de Janeiro
2023-08-18,24.6,Rio de Janeiro
2023-08-19,23.8,Rio de Janeiro
2023-08-20,21.2,Rio de Janeiro
2023-08-21,22.6,Rio de Janeiro
2023-08-22,23.6,Rio de Janeiro
2023-08-23,26.0,Rio de Janeiro
2023-08-24,27.9,Rio de Janeiro
2023-08-25,23.6,Rio de Janeiro
2023-08-26,19.2,Rio de Janeiro
2023-08-27,17.2,Rio de Janeiro
2023-08-28,17.4,Rio de Janeiro
2023-08-29,19.8,Rio de Janeiro
2023-08-30,21.3,Rio de Janeiro
2023-08-31,20.2,Rio de Janeiro
2023-09-01,21.5,Rio de Janeiro
2023-09-02,24.1,Rio de Janeiro
2023-09-03,25.9,Rio de Janeiro
2023-09-04,27.2,Rio de Janeiro
2023-09-05,25.5,Rio de Janeiro
2023-09-06,21.5,Rio de Janeiro
2023-09-07,20.7,Rio de Janeiro
2023-09-08,23.4,Rio de Janeiro
2023-09-09,24.2,Rio de Janeiro
2023-09-10,23.3,Rio de Janeiro
2023-09-11,23.9,Rio de Janeiro
2023-09-12,25.2,Rio de Janeiro
2023-09-13,27.3,Rio de Janeiro
2023-09-14,25.5,Rio de Janeiro
2023-09-15,20.0,Rio de Janeiro
2023-09-16,21.7,Rio de Janeiro
2023-09-17,25.9,Rio de Janeiro
2023-09-18,26.6,Rio de Janeiro
2023-09-19,24.9,Rio de Janeiro
2023-09-20,23.6,Rio de Janeiro
2023-09-21,25.3,Rio de Janeiro
2023-09-22,26.0,Rio de Janeiro
2023-09-23,24.0,Rio de Janeiro
2023-09-24,27.4,Rio de Janeiro
2023-09-25,25.3,Rio de Janeiro
2023-09-26,26.5,Rio de Janeiro
2023-09-27,28.5,Rio de Janeiro
2023-09-28,22.6,Rio de Janeiro
2023-09-29,21.7,Rio de Janeiro
2023-09-30,23.8,Rio de Janeiro
2023-10-01,22.1,Rio de Janeiro
2023-10-02,22.0,Rio de Janeiro
2023-10-03,22.4,Rio de Janeiro
2023-10-04,25.4,Rio de Janeiro
2023-10-05,26.6,Rio de Janeiro
2023-10-06,25.7,Rio de Janeiro
2023-10-07,28.9,Rio de Janeiro
2023-10-08,26.3,Rio de Janeiro
2023-10-09,25.1,Rio de Janeiro
2023-10-10,23.3,Rio de Janeiro
2023-10-11,25.3,Rio de Janeiro
2023-10-12,26.8,Rio de Janeiro
2023-10-13,23.3,Rio de Janeiro
2023-10-14,21.0,Rio de Janeiro
2023-10-15,22.9,Rio de Janeiro
2023-10-16,26.0,Rio de Janeiro
2023-10-17,25.5,Rio de Janeiro
2023-10-18,23.7,Rio de Janeiro
2023-10-19,22.2,Rio de Janeiro
2023-10-20,21.5,Rio de Janeiro
2023-10-21,21.9,Rio de Janeiro
2023-10-22,22.4,Rio de Janeiro
2023-10-23,24.0,Rio de Janeiro
2023-10-24,26.8,Rio de Janeiro
2023-10-25,23.5,Rio de Janeiro
2023-10-26,23.1,Rio de Janeiro
2023-10-27,23.8,Rio de Janeiro
2023-10-28,27.7,Rio de Janeiro
2023-10-29,28.9,Rio de Janeiro
2023-10-30,27.7,Rio de Janeiro
2023-10-31,27.5,Rio de Janeiro
2023-11-01,24.3,Rio de Janeiro
2023-11-02,23.6,Rio de Janeiro
2023-11-03,27.1,Rio de Janeiro
2023-11-04,24.9,Rio de Janeiro
2023-11-05,22.9,Rio de Janeiro
2023-11-06,22.0,Rio de Janeiro
2023-11-07,22.4,Rio de Janeiro
2023-11-08,23.9,Rio de Janeiro
2023-11-09,27.3,Rio de Janeiro
2023-11-10,25.9,Rio de Janeiro
2023-11-11,27.7,Rio de Janeiro
2023-11-12,29.7,Rio de Janeiro
2023-11-13,30.5,Rio de Janeiro
2023-11-14,29.0,Rio de Janeiro
2023-11-15,28.3,Rio de Janeiro
2023-11-16,32.6,Rio de Janeiro
2023-11-17,31.6,Rio de Janeiro
2023-11-18,33.7,Rio de Janeiro
2023-11-19,27.1,Rio de Janeiro
2023-11-20,24.4,Rio de Janeiro
2023-11-21,26.1,Rio de Janeiro
2023-11-22,29.4,Rio de Janeiro
2023-11-23,27.7,Rio de Janeiro
2023-11-24,23.9,Rio de Janeiro
2023-11-25,23.1,Rio de Janeiro
2023-11-26,22.9,Rio de Janeiro
2023-11-27,25.5,Rio de Janeiro
2023-11-28,27.1,Rio de Janeiro
2023-11-29,25.9,Rio de Janeiro
2023-11-30,27.5,Rio de Janeiro
2023-12-01,26.3,Rio de Janeiro
2023-12-02,27.1,Rio de Janeiro
2023-12-03,28.3,Rio de Janeiro
2023-12-04,27.2,Rio de Janeiro
2023-12-05,26.6,Rio de Janeiro
2023-12-06,28.8,Rio de Janeiro
2023-12-07,31.3,Rio de Janeiro
2023-12-08,27.2,Rio de Janeiro
2023-12-09,23.6,Rio de Janeiro
2023-12-10,23.5,Rio de Janeiro
2023-12-11,23.8,Rio de Janeiro
2023-12-12,24.1,Rio de Janeiro
2023-12-13,24.1,Rio de Janeiro
2023-12-14,26.9,Rio de Janeiro
2023-12-15,28.7,Rio de Janeiro
2023-12-16,28.8,Rio de Janeiro
2023-12-17,27.8,Rio de Janeiro
2023-12-18,26.3,Rio de Janeiro
2023-12-19,25.6,Rio de Janeiro
2023-12-20,25.1,Rio de Janeiro
2023-12-21,26.7,Rio de Janeiro
2023-12-22,28.1,Rio de Janeiro
2023-12-23,27.9,Rio de Janeiro
2023-12-24,27.9,Rio de Janeiro
2023-12-25,28.7,Rio de Janeiro
2023-12-26,28.1,Rio de Janeiro
2023-12-27,25.1,Rio de Janeiro
2023-12-28,25.6,Rio de Janeiro
2023-12-29,29.5,Rio de Janeiro
2023-12-30,27.5,Rio de Janeiro
2023-12-31,24.8,Rio de Janeiro
2023-01-01,2.3,Moscow
2023-01-02,-1.1,Moscow
2023-01-03,-1.6,Moscow
2023-01-04,-3.3,Moscow
2023-01-05,-7.2,Moscow
2023-01-06,-23.0,Moscow
2023-01-07,-25.6,Moscow
2023-01-08,-19.2,Moscow
2023-01-09,-20.0,Moscow
2023-01-10,-15.9,Moscow
2023-01-11,-12.0,Moscow
2023-01-12,-8.7,Moscow
2023-01-13,-6.0,Moscow
2023-01-14,-3.0,Moscow
2023-01-15,-3.2,Moscow
2023-01-16,-4.3,Moscow
2023-01-17,-1.3,Moscow
2023-01-18,0.3,Moscow
2023-01-19,1.6,Moscow
2023-01-20,2.4,Moscow
2023-01-21,-3.3,Moscow
2023-01-22,-4.8,Moscow
2023-01-23,-4.6,Moscow
2023-01-24,-3.2,Moscow
2023-01-25,-3.8,Moscow
2023-01-26,-2.6,Moscow
2023-01-27,-3.0,Moscow
2023-01-28,-3.6,Moscow
2023-01-29,-3.7,Moscow
2023-01-30,-2.8,Moscow
2023-01-31,-1.4,Moscow
2023-02-01,-0.9,Moscow
2023-02-02,-2.5,Moscow
2023-02-03,-1.2,Moscow
2023-02-04,-1.8,Moscow
2023-02-05,-3.5,Moscow
2023-02-06,-6.4,Moscow
2023-02-07,-10.0,Moscow
2023-02-08,-8.2,Moscow
2023-02-09,-2.5,Moscow
2023-02-10,-3.6,Moscow
2023-02-11,-3.6,Moscow
2023-02-12,-4.7,Moscow
2023-02-13,-4.6,Moscow
2023-02-14,-0.4,Moscow
2023-02-15,-3.5,Moscow
2023-02-16,-6.0,Moscow
2023-02-17,-9.0,Moscow
2023-02-18,-7.7,Moscow
2023-02-19,-7.4,Moscow
2023-02-20,-8.0,Moscow
2023-02-21,-14.0,Moscow
2023-02-22,-15.6,Moscow
2023-02-23,-12.9,Moscow
2023-02-24,-7.2,Moscow
2023-02-25,-0.5,Moscow
2023-02-26,0.0,Moscow
2023-02-27,-4.7,Moscow
2023-02-28,-5.8,Moscow
2023-03-01,-5.8,Moscow
2023-03-02,-4.9,Moscow
2023-03-03,-1.3,Moscow
2023-03-04,-3.5,Moscow
2023-03-05,-3.3,Moscow
2023-03-06,-4.5,Moscow
2023-03-07,-5.2,Moscow
2023-03-08,-5.8,Moscow
2023-03-09,-3.9,Moscow
2023-03-10,-6.8,Moscow
2023-03-11,-5.7,Moscow
2023-03-12,1.5,Moscow
2023-03-13,-4.9,Moscow
2023-03-14,-0.1,Moscow
2023-03-15,2.7,Moscow
2023-03-16,1.3,Moscow
2023-03-17,-0.9,Moscow
2023-03-18,-4.6,Moscow
2023-03-19,-5.4,Moscow
2023-03-20,-3.4,Moscow
2023-03-21,1.1,Moscow
2023-03-22,1.9,Moscow
2023-03-23,4.0,Moscow
2023-03-24,4.8,Moscow
2023-03-25,4.6,Moscow
2023-03-26,3.9,Moscow
2023-03-27,4.5,Moscow
2023-03-28,4.2,Moscow
2023-03-29,5.8,Moscow
2023-03-30,3.5,Moscow
2023-03-31,1.1,Moscow
2023-04-01,3.9,Moscow
2023-04-02,6.6,Moscow
2023-04-03,8.1,Moscow
2023-04-04,8.4,Moscow
2023-04-05,7.5,Moscow
2023-04-06,7.1,Moscow
2023-04-07,5.0,Moscow
2023-04-08,5.4,Moscow
2023-04-09,7.1,Moscow
2023-04-10,7.0,Moscow
2023-04-11,8.6,Moscow
2023-04-12,9.5,Moscow
2023-04-13,9.9,Moscow
2023-04-14,4.0,Moscow
2023-04-15,3.0,Moscow
2023-04-16,5.6,Moscow
2023-04-17,7.5,Moscow
2023-04-18,9.7,Moscow
2023-04-19,10.1,Moscow
2023-04-20,9.6,Moscow
2023-04-21,9.6,Moscow
2023-04-22,9.6,Moscow
2023-04-23,11.3,Moscow
2023-04-24,13.2,Moscow
2023-04-25,12.5,Moscow
2023-04-26,11.4,Moscow
2023-04-27,13.1,Moscow
2023-04-28,11.1,Moscow
2023-04-29,6.9,Moscow
2023-04-30,7.1,Moscow
2023-05-01,6.7,Moscow
2023-05-02,7.8,Moscow
2023-05-03,10.1,Moscow
2023-05-04,8.7,Moscow
2023-05-05,5.4,Moscow
2023-05-06,2.7,Moscow
2023-05-07,3.2,Moscow
2023-05-08,5.2,Moscow
2023-05-09,7.6,Moscow
2023-05-10,10.5,Moscow
2023-05-11,12.4,Moscow
2023-05-12,14.0,Moscow
2023-05-13,15.6,Moscow
2023-05-14,12.9,Moscow
2023-05-15,12.7,Moscow
2023-05-16,14.4,Moscow
2023-05-17,16.5,Moscow
2023-05-18,18.2,Moscow
2023-05-19,14.1,Moscow
2023-05-20,11.3,Moscow
2023-05-21,12.5,Moscow
2023-05-22,14.0,Moscow
2023-05-23,15.5,Moscow
2023-05-24,17.3,Moscow
2023-05-25,17.1,Moscow
2023-05-26,18.5,Moscow
2023-05-27,16.8,Moscow
2023-05-28,12.4,Moscow
2023-05-29,14.5,Moscow
2023-05-30,16.1,Moscow
2023-05-31,11.5,Moscow
2023-06-01,14.7,Moscow
2023-06-02,16.0,Moscow
2023-06-03,9.4,Moscow
2023-06-04,10.0,Moscow
2023-06-05,12.4,Moscow
2023-06-06,14.3,Moscow
2023-06-07,16.9,Moscow
2023-06-08,17.4,Moscow
2023-06-09,17.7,Moscow
2023-06-10,12.8,Moscow
2023-06-11,12.2,Moscow
2023-06-12,14.1,Moscow
2023-06-13,15.8,Moscow
2023-06-14,17.5,Moscow
2023-06-15,19.8,Moscow
2023-06-16,21.4,Moscow
2023-06-17,21.4,Moscow
2023-06-18,19.1,Moscow
2023-06-19,17.2,Moscow
2023-06-20,18.4,Moscow
2023-06-21,16.5,Moscow
2023-06-22,18.6,Moscow
2023-06-23,17.3,Moscow
2023-06-24,16.6,Moscow
2023-06-25,17.9,Moscow
2023-06-26,19.4,Moscow
2023-06-27,18.3,Moscow
2023-06-28,17.2,Moscow
2023-06-29,17.1,Moscow
2023-06-30,15.7,Moscow
2023-07-01,19.1,Moscow
2023-07-02,19.2,Moscow
2023-07-03,19.3,Moscow
2023-07-04,19.3,Moscow
2023-07-05,20.4,Moscow
2023-07-06,22.3,Moscow
2023-07-07,22.8,Moscow
2023-07-08,20.0,Moscow
2023-07-09,19.4,Moscow
2023-07-10,16.7,Moscow
2023-07-11,14.6,Moscow
2023-07-12,13.7,Moscow
2023-07-13,13.7,Moscow
2023-07-14,15.6,Moscow
2023-07-15,15.9,Moscow
2023-07-16,17.7,Moscow
2023-07-17,20.7,Moscow
2023-07-18,21.1,Moscow
2023-07-19,16.5,Moscow
2023-07-20,16.9,Moscow
2023-07-21,16.6,Moscow
2023-07-22,17.6,Moscow
2023-07-23,17.2,Moscow
2023-07-24,15.8,Moscow
2023-07-25,18.3,Moscow
2023-07-26,20.3,Moscow
2023-07-27,20.1,Moscow
2023-07-28,20.8,Moscow
2023-07-29,15.8,Moscow
2023-07-30,17.7,Moscow
2023-07-31,18.9,Moscow
2023-08-01,20.2,Moscow
2023-08-02,20.3,Moscow
2023-08-03,22.6,Moscow
2023-08-04,23.2,Moscow
2023-08-05,22.9,Moscow
2023-08-06,24.5,Moscow
2023-08-07,24.7,Moscow
2023-08-08,22.9,Moscow
2023-08-09,20.9,Moscow
2023-08-10,19.9,Moscow
2023-08-11,21.1,Moscow
2023-08-12,21.5,Moscow
2023-08-13,18.8,Moscow
2023-08-14,19.3,Moscow
2023-08-15,20.3,Moscow
2023-08-16,20.1,Moscow
2023-08-17,21.0,Moscow
2023-08-18,21.7,Moscow
2023-08-19,21.8,Moscow
2023-08-20,20.7,Moscow
2023-08-21,17.1,Moscow
2023-08-22,16.2,Moscow
2023-08-23,15.7,Moscow
2023-08-24,14.8,Moscow
2023-08-25,14.5,Moscow
2023-08-26,14.6,Moscow
2023-08-27,15.4,Moscow
2023-08-28,15.7,Moscow
2023-08-29,13.8,Moscow
2023-08-30,16.0,Moscow
2023-08-31,18.3,Moscow
2023-09-01,20.3,Moscow
2023-09-02,17.3,Moscow
2023-09-03,17.0,Moscow
2023-09-04,16.2,Moscow
2023-09-05,16.2,Moscow
2023-09-06,16.2,Moscow
2023-09-07,12.4,Moscow
2023-09-08,11.6,Moscow
2023-09-09,11.9,Moscow
2023-09-10,13.3,Moscow
2023-09-11,12.8,Moscow
2023-09-12,12.7,Moscow
2023-09-13,13.4,Moscow
2023-09-14,13.7,Moscow
2023-09-15,14.5,Moscow
2023-09-16,12.4,Moscow
2023-09-17,11.2,Moscow
2023-09-18,12.7,Moscow
2023-09-19,13.8,Moscow
2023-09-20,17.7,Moscow
2023-09-21,16.9,Moscow
2023-09-22,17.4,Moscow
2023-09-23,17.7,Moscow
2023-09-24,18.4,Moscow
2023-09-25,15.5,Moscow
2023-09-26,11.5,Moscow
2023-09-27,12.3,Moscow
2023-09-28,14.2,Moscow
2023-09-29,15.8,Moscow
2023-09-30,16.0,Moscow
2023-10-01,13.8,Moscow
2023-10-02,10.3,Moscow
2023-10-03,11.0,Moscow
2023-10-04,13.7,Moscow
2023-10-05,11.0,Moscow
2023-10-06,9.1,Moscow
2023-10-07,4.8,Moscow
2023-10-08,3.9,Moscow
2023-10-09,3.2,Moscow
2023-10-10,2.5,Moscow
2023-10-11,3.6,Moscow
2023-10-12,9.4,Moscow
2023-10-13,8.9,Moscow
2023-10-14,9.5,Moscow
2023-10-15,11.2,Moscow
2023-10-16,6.8,Moscow
2023-10-17,3.6,Moscow
2023-10-18,4.2,Moscow
2023-10-19,4.7,Moscow
2023-10-20,4.1,Moscow
2023-10-21,1.8,Moscow
2023-10-22,1.3,Moscow
2023-10-23,4.0,Moscow
2023-10-24,1.1,Moscow
2023-10-25,-1.4,Moscow
2023-10-26,-1.8,Moscow
2023-10-27,-1.5,Moscow
2023-10-28,-0.6,Moscow
2023-10-29,-0.3,Moscow
2023-10-30,0.7,Moscow
2023-10-31,7.0,Moscow
2023-11-01,11.3,Moscow
2023-11-02,7.3,Moscow
2023-11-03,1.0,Moscow
2023-11-04,2.3,Moscow
2023-11-05,9.3,Moscow
2023-11-06,9.3,Moscow
2023-11-07,8.0,Moscow
2023-11-08,6.0,Moscow
2023-11-09,3.7,Moscow
2023-11-10,4.6,Moscow
2023-11-11,3.8,Moscow
2023-11-12,4.0,Moscow
2023-11-13,4.1,Moscow
2023-11-14,3.1,Moscow
2023-11-15,1.7,Moscow
2023-11-16,0.2,Moscow
2023-11-17,-4.0,Moscow
2023-11-18,-7.1,Moscow
2023-11-19,-6.6,Moscow
2023-11-20,-6.8,Moscow
2023-11-21,-8.0,Moscow
2023-11-22,-7.5,Moscow
2023-11-23,-7.5,Moscow
2023-11-24,-6.5,Moscow
2023-11-25,-6.6,Moscow
2023-11-26,-5.7,Moscow
2023-11-27,-0.9,Moscow
2023-11-28,-5.2,Moscow
2023-11-29,-8.9,Moscow
2023-11-30,-2.8,Moscow
2023-12-01,-5.3,Moscow
2023-12-02,-6.4,Moscow
2023-12-03,-5.9,Moscow
2023-12-04,-7.4,Moscow
2023-12-05,-12.3,Moscow
2023-12-06,-14.7,Moscow
2023-12-07,-12.6,Moscow
2023-12-08,-14.2,Moscow
2023-12-09,-14.6,Moscow
2023-12-10,-11.6,Moscow
2023-12-11,-8.0,Moscow
2023-12-12,-6.8,Moscow
2023-12-13,-11.0,Moscow
2023-12-14,-10.9,Moscow
2023-12-15,-8.7,Moscow
2023-12-16,-7.3,Moscow
2023-12-17,-2.2,Moscow
2023-12-18,-1.7,Moscow
2023-12-19,1.9,Moscow
2023-12-20,1.9,Moscow
2023-12-21,0.4,Moscow
2023-12-22,-0.9,Moscow
2023-12-23,0.7,Moscow
2023-12-24,-3.7,Moscow
2023-12-25,-4.6,Moscow
2023-12-26,-1.9,Moscow
2023-12-27,-4.2,Moscow
2023-12-28,-4.2,Moscow
2023-12-29,-2.2,Moscow
2023-12-30,1.4,Moscow
2023-12-31,-2.8,Moscow
2023-01-01,-2.4,Beijing
2023-01-02,-3.3,Beijing
2023-01-03,-4.1,Beijing
2023-01-04,-3.7,Beijing
2023-01-05,-2.9,Beijing
2023-01-06,-0.7,Beijing
2023-01-07,-0.3,Beijing
2023-01-08,1.7,Beijing
2023-01-09,0.4,Beijing
2023-01-10,-1.5,Beijing
2023-01-11,-1.6,Beijing
2023-01-12,0.6,Beijing
2023-01-13,2.0,Beijing
2023-01-14,-4.9,Beijing
2023-01-15,-6.4,Beijing
2023-01-16,-5.5,Beijing
2023-01-17,-2.9,Beijing
2023-01-18,-3.8,Beijing
2023-01-19,-2.7,Beijing
2023-01-20,-5.9,Beijing
2023-01-21,-5.1,Beijing
2023-01-22,-3.6,Beijing
2023-01-23,-6.8,Beijing
2023-01-24,-11.3,Beijing
2023-01-25,-9.4,Beijing
2023-01-26,-6.0,Beijing
2023-01-27,-4.0,Beijing
2023-01-28,-1.5,Beijing
2023-01-29,1.0,Beijing
2023-01-30,-1.2,Beijing
2023-01-31,2.8,Beijing
2023-02-01,-1.4,Beijing
2023-02-02,-2.7,Beijing
2023-02-03,-2.2,Beijing
2023-02-04,-0.6,Beijing
2023-02-05,-1.0,Beijing
2023-02-06,0.2,Beijing
2023-02-07,-1.8,Beijing
2023-02-08,-0.2,Beijing
2023-02-09,-0.8,Beijing
2023-02-10,-1.0,Beijing
2023-02-11,1.7,Beijing
2023-02-12,1.1,Beijing
2023-02-13,0.1,Beijing
2023-02-14,-0.3,Beijing
2023-02-15,-1.5,Beijing
2023-02-16,-0.4,Beijing
2023-02-17,0.5,Beijing
2023-02-18,0.3,Beijing
2023-02-19,2.2,Beijing
2023-02-20,-0.2,Beijing
2023-02-21,-0.9,Beijing
2023-02-22,1.1,Beijing
2023-02-23,3.0,Beijing
2023-02-24,1.7,Beijing
2023-02-25,1.1,Beijing
2023-02-26,2.6,Beijing
2023-02-27,3.8,Beijing
2023-02-28,6.6,Beijing
2023-03-01,3.5,Beijing
2023-03-02,4.9,Beijing
2023-03-03,7.8,Beijing
2023-03-04,6.9,Beijing
2023-03-05,6.5,Beijing
2023-03-06,9.8,Beijing
2023-03-07,10.7,Beijing
2023-03-08,12.3,Beijing
2023-03-09,10.5,Beijing
2023-03-10,14.7,Beijing
2023-03-11,10.3,Beijing
2023-03-12,5.4,Beijing
2023-03-13,4.2,Beijing
2023-03-14,9.5,Beijing
2023-03-15,4.9,Beijing
2023-03-16,3.7,Beijing
2023-03-17,4.6,Beijing
2023-03-18,7.4,Beijing
2023-03-19,8.5,Beijing
2023-03-20,9.3,Beijing
2023-03-21,11.9,Beijing
2023-03-22,11.3,Beijing
2023-03-23,8.3,Beijing
2023-03-24,6.4,Beijing
2023-03-25,7.2,Beijing
2023-03-26,7.4,Beijing
2023-03-27,11.3,Beijing
2023-03-28,11.6,Beijing
2023-03-29,16.0,Beijing
2023-03-30,16.5,Beijing
2023-03-31,16.5,Beijing
2023-04-01,16.3,Beijing
2023-04-02,15.3,Beijing
2023-04-03,14.3,Beijing
2023-04-04,9.8,Beijing
2023-04-05,10.8,Beijing
2023-04-06,12.4,Beijing
2023-04-07,9.9,Beijing
2023-04-08,12.5,Beijing
2023-04-09,14.7,Beijing
2023-04-10,18.3,Beijing
2023-04-11,13.3,Beijing
2023-04-12,13.9,Beijing
2023-04-13,17.0,Beijing
2023-04-14,16.9,Beijing
2023-04-15,13.7,Beijing
2023-04-16,14.5,Beijing
2023-04-17,15.7,Beijing
2023-04-18,18.1,Beijing
2023-04-19,18.5,Beijing
2023-04-20,17.5,Beijing
2023-04-21,11.5,Beijing
2023-04-22,9.4,Beijing
2023-04-23,11.4,Beijing
2023-04-24,11.8,Beijing
2023-04-25,13.7,Beijing
2023-04-26,13.3,Beijing
2023-04-27,15.4,Beijing
2023-04-28,16.1,Beijing
2023-04-29,16.5,Beijing
2023-04-30,16.0,Beijing
2023-05-01,18.2,Beijing
2023-05-02,21.2,Beijing
2023-05-03,21.0,Beijing
2023-05-04,17.0,Beijing
2023-05-05,17.6,Beijing
2023-05-06,18.3,Beijing
2023-05-07,19.0,Beijing
2023-05-08,20.1,Beijing
2023-05-09,20.3,Beijing
2023-05-10,21.5,Beijing
2023-05-11,21.7,Beijing
2023-05-12,19.9,Beijing
2023-05-13,22.3,Beijing
2023-05-14,23.1,Beijing
2023-05-15,25.2,Beijing
2023-05-16,27.5,Beijing
2023-05-17,22.5,Beijing
2023-05-18,20.8,Beijing
2023-05-19,19.1,Beijing
2023-05-20,20.1,Beijing
2023-05-21,20.6,Beijing
2023-05-22,22.1,Beijing
2023-05-23,22.7,Beijing
2023-05-24,23.2,Beijing
2023-05-25,22.1,Beijing
2023-05-26,22.6,Beijing
2023-05-27,19.4,Beijing
2023-05-28,22.1,Beijing
2023-05-29,24.9,Beijing
2023-05-30,22.0,Beijing
2023-05-31,20.8,Beijing
2023-06-01,24.2,Beijing
2023-06-02,24.9,Beijing
2023-06-03,25.3,Beijing
2023-06-04,26.5,Beijing
2023-06-05,27.8,Beijing
2023-06-06,29.1,Beijing
2023-06-07,30.3,Beijing
2023-06-08,28.1,Beijing
2023-06-09,27.2,Beijing
2023-06-10,25.1,Beijing
2023-06-11,24.5,Beijing
2023-06-12,24.3,Beijing
2023-06-13,26.6,Beijing
2023-06-14,27.8,Beijing
2023-06-15,29.4,Beijing
2023-06-16,31.4,Beijing
2023-06-17,31.3,Beijing
2023-06-18,28.8,Beijing
2023-06-19,24.3,Beijing
2023-06-20,26.1,Beijing
2023-06-21,30.0,Beijing
2023-06-22,32.0,Beijing
2023-06-23,33.5,Beijing
2023-06-24,33.2,Beijing
2023-06-25,30.0,Beijing
2023-06-26,26.4,Beijing
2023-06-27,30.3,Beijing
2023-06-28,27.8,Beijing
2023-06-29,28.5,Beijing
2023-06-30,31.2,Beijing
2023-07-01,32.9,Beijing
2023-07-02,32.6,Beijing
2023-07-03,29.6,Beijing
2023-07-04,26.1,Beijing
2023-07-05,30.1,Beijing
2023-07-06,32.3,Beijing
2023-07-07,31.1,Beijing
2023-07-08,31.7,Beijing
2023-07-09,31.9,Beijing
2023-07-10,32.3,Beijing
2023-07-11,29.9,Beijing
2023-07-12,24.3,Beijing
2023-07-13,24.5,Beijing
2023-07-14,27.5,Beijing
2023-07-15,27.7,Beijing
2023-07-16,27.9,Beijing
2023-07-17,28.2,Beijing
2023-07-18,29.3,Beijing
2023-07-19,30.1,Beijing
2023-07-20,29.2,Beijing
2023-07-21,24.3,Beijing
2023-07-22,23.2,Beijing
2023-07-23,26.5,Beijing
2023-07-24,27.9,Beijing
2023-07-25,27.7,Beijing
2023-07-26,28.2,Beijing
2023-07-27,27.4,Beijing
2023-07-28,25.7,Beijing
2023-07-29,25.2,Beijing
2023-07-30,24.3,Beijing
2023-07-31,25.1,Beijing
2023-08-01,26.1,Beijing
2023-08-02,28.3,Beijing
2023-08-03,29.6,Beijing
2023-08-04,28.9,Beijing
2023-08-05,28.1,Beijing
2023-08-06,26.0,Beijing
2023-08-07,25.7,Beijing
2023-08-08,26.9,Beijing
2023-08-09,28.1,Beijing
2023-08-10,26.9,Beijing
2023-08-11,26.3,Beijing
2023-08-12,26.6,Beijing
2023-08-13,27.4,Beijing
2023-08-14,27.6,Beijing
2023-08-15,27.9,Beijing
2023-08-16,28.8,Beijing
2023-08-17,27.8,Beijing
2023-08-18,29.0,Beijing
2023-08-19,27.6,Beijing
2023-08-20,25.7,Beijing
2023-08-21,25.0,Beijing
2023-08-22,24.3,Beijing
2023-08-23,24.1,Beijing
2023-08-24,21.4,Beijing
2023-08-25,22.0,Beijing
2023-08-26,23.2,Beijing
2023-08-27,22.2,Beijing
2023-08-28,23.3,Beijing
2023-08-29,22.6,Beijing
2023-08-30,23.0,Beijing
2023-08-31,22.8,Beijing
2023-09-01,23.4,Beijing
2023-09-02,23.1,Beijing
2023-09-03,23.9,Beijing
2023-09-04,25.3,Beijing
2023-09-05,25.8,Beijing
2023-09-06,25.9,Beijing
2023-09-07,26.1,Beijing
2023-09-08,24.3,Beijing
2023-09-09,21.5,Beijing
2023-09-10,21.9,Beijing
2023-09-11,23.0,Beijing
2023-09-12,21.5,Beijing
2023-09-13,20.7,Beijing
2023-09-14,21.5,Beijing
2023-09-15,21.4,Beijing
2023-09-16,22.6,Beijing
2023-09-17,22.7,Beijing
2023-09-18,22.5,Beijing
2023-09-19,20.8,Beijing
2023-09-20,19.5,Beijing
2023-09-21,19.6,Beijing
2023-09-22,20.9,Beijing
2023-09-23,19.8,Beijing
2023-09-24,16.5,Beijing
2023-09-25,17.1,Beijing
2023-09-26,18.7,Beijing
2023-09-27,20.0,Beijing
2023-09-28,17.2,Beijing
2023-09-29,18.6,Beijing
2023-09-30,17.7,Beijing
2023-10-01,16.1,Beijing
2023-10-02,16.4,Beijing
2023-10-03,17.8,Beijing
2023-10-04,18.6,Beijing
2023-10-05,14.1,Beijing
2023-10-06,15.2,Beijing
2023-10-07,14.6,Beijing
2023-10-08,15.7,Beijing
2023-10-09,15.9,Beijing
2023-10-10,15.1,Beijing
2023-10-11,15.2,Beijing
2023-10-12,15.3,Beijing
2023-10-13,15.3,Beijing
2023-10-14,14.7,Beijing
2023-10-15,14.4,Beijing
2023-10-16,13.3,Beijing
2023-10-17,14.1,Beijing
2023-10-18,16.4,Beijing
2023-10-19,13.7,Beijing
2023-10-20,11.3,Beijing
2023-10-21,12.0,Beijing
2023-10-22,12.1,Beijing
2023-10-23,12.7,Beijing
2023-10-24,14.2,Beijing
2023-10-25,15.2,Beijing
2023-10-26,13.8,Beijing
2023-10-27,12.0,Beijing
2023-10-28,13.4,Beijing
2023-10-29,13.8,Beijing
2023-10-30,15.0,Beijing
2023-10-31,15.7,Beijing
2023-11-01,15.0,Beijing
2023-11-02,15.6,Beijing
2023-11-03,12.2,Beijing
2023-11-04,11.6,Beijing
2023-11-05,10.3,Beijing
2023-11-06,5.2,Beijing
2023-11-07,5.1,Beijing
2023-11-08,6.3,Beijing
2023-11-09,3.6,Beijing
2023-11-10,-0.0,Beijing
2023-11-11,-0.2,Beijing
2023-11-12,0.5,Beijing
2023-11-13,0.6,Beijing
2023-11-14,2.1,Beijing
2023-11-15,2.3,Beijing
2023-11-16,5.6,Beijing
2023-11-17,2.8,Beijing
2023-11-18,1.5,Beijing
2023-11-19,6.8,Beijing
2023-11-20,4.7,Beijing
2023-11-21,5.4,Beijing
2023-11-22,7.9,Beijing
2023-11-23,0.1,Beijing
2023-11-24,-4.7,Beijing
2023-11-25,-3.9,Beijing
2023-11-26,-3.2,Beijing
2023-11-27,-0.0,Beijing
2023-11-28,-2.0,Beijing
2023-11-29,-2.7,Beijing
2023-11-30,-2.8,Beijing
2023-12-01,-2.8,Beijing
2023-12-02,0.1,Beijing
2023-12-03,-0.8,Beijing
2023-12-04,0.0,Beijing
2023-12-05,0.7,Beijing
2023-12-06,4.5,Beijing
2023-12-07,1.1,Beijing
2023-12-08,3.8,Beijing
2023-12-09,2.3,Beijing
2023-12-10,-0.7,Beijing
2023-12-11,-3.0,Beijing
2023-12-12,-3.9,Beijing
2023-12-13,-2.8,Beijing
2023-12-14,-4.2,Beijing
2023-12-15,-7.2,Beijing
2023-12-16,-10.7,Beijing
2023-12-17,-10.9,Beijing
2023-12-18,-10.6,Beijing
2023-12-19,-9.1,Beijing
2023-12-20,-11.4,Beijing
2023-12-21,-11.0,Beijing
2023-12-22,-9.0,Beijing
2023-12-23,-7.8,Beijing
2023-12-24,-7.0,Beijing
2023-12-25,-6.5,Beijing
2023-12-26,-3.8,Beijing
2023-12-27,-4.3,Beijing
2023-12-28,-4.1,Beijing
2023-12-29,-3.5,Beijing
2023-12-30,-2.5,Beijing
2023-12-31,-1.5,Beijing
2023-01-01,12.3,New Delhi
2023-01-02,12.2,New Delhi
2023-01-03,10.2,New Delhi
2023-01-04,9.6,New Delhi
2023-01-05,8.9,New Delhi
2023-01-06,8.3,New Delhi
2023-01-07,8.2,New Delhi
2023-01-08,10.1,New Delhi
2023-01-09,10.8,New Delhi
2023-01-10,11.3,New Delhi
2023-01-11,11.8,New Delhi
2023-01-12,14.5,New Delhi
2023-01-13,13.8,New Delhi
2023-01-14,12.0,New Delhi
2023-01-15,9.2,New Delhi
2023-01-16,8.6,New Delhi
2023-01-17,8.8,New Delhi
2023-01-18,9.2,New Delhi
2023-01-19,12.2,New Delhi
2023-01-20,13.9,New Delhi
2023-01-21,13.2,New Delhi
2023-01-22,14.2,New Delhi
2023-01-23,15.6,New Delhi
2023-01-24,16.7,New Delhi
2023-01-25,16.4,New Delhi
2023-01-26,14.3,New Delhi
2023-01-27,12.0,New Delhi
2023-01-28,12.5,New Delhi
2023-01-29,12.6,New Delhi
2023-01-30,13.5,New Delhi
2023-01-31,14.0,New Delhi
2023-02-01,13.6,New Delhi
2023-02-02,14.3,New Delhi
2023-02-03,14.7,New Delhi
2023-02-04,15.5,New Delhi
2023-02-05,16.7,New Delhi
2023-02-06,17.9,New Delhi
2023-02-07,16.9,New Delhi
2023-02-08,15.3,New Delhi
2023-02-09,17.1,New Delhi
2023-02-10,18.9,New Delhi
2023-02-11,18.8,New Delhi
2023-02-12,15.6,New Delhi
2023-02-13,14.9,New Delhi
2023-02-14,16.6,New Delhi
2023-02-15,18.3,New Delhi
2023-02-16,18.5,New Delhi
2023-02-17,19.6,New Delhi
2023-02-18,19.5,New Delhi
2023-02-19,21.1,New Delhi
2023-02-20,22.7,New Delhi
2023-02-21,22.2,New Delhi
2023-02-22,20.9,New Delhi
2023-02-23,20.1,New Delhi
2023-02-24,20.1,New Delhi
2023-02-25,21.0,New Delhi
2023-02-26,22.5,New Delhi
2023-02-27,22.9,New Delhi
2023-02-28,22.0,New Delhi
2023-03-01,22.4,New Delhi
2023-03-02,22.7,New Delhi
2023-03-03,23.1,New Delhi
2023-03-04,22.7,New Delhi
2023-03-05,22.7,New Delhi
2023-03-06,22.1,New Delhi
2023-03-07,22.2,New Delhi
2023-03-08,21.7,New Delhi
2023-03-09,21.8,New Delhi
2023-03-10,22.9,New Delhi
2023-03-11,23.9,New Delhi
2023-03-12,25.1,New Delhi
2023-03-13,24.8,New Delhi
2023-03-14,24.7,New Delhi
2023-03-15,25.4,New Delhi
2023-03-16,25.1,New Delhi
2023-03-17,23.2,New Delhi
2023-03-18,20.6,New Delhi
2023-03-19,20.2,New Delhi
2023-03-20,18.9,New Delhi
2023-03-21,18.4,New Delhi
2023-03-22,19.6,New Delhi
2023-03-23,21.6,New Delhi
2023-03-24,21.4,New Delhi
2023-03-25,21.2,New Delhi
2023-03-26,21.7,New Delhi
2023-03-27,20.7,New Delhi
2023-03-28,21.9,New Delhi
2023-03-29,23.4,New Delhi
2023-03-30,21.9,New Delhi
2023-03-31,19.8,New Delhi
2023-04-01,20.2,New Delhi
2023-04-02,22.1,New Delhi
2023-04-03,23.1,New Delhi
2023-04-04,22.1,New Delhi
2023-04-05,22.8,New Delhi
2023-04-06,24.0,New Delhi
2023-04-07,24.6,New Delhi
2023-04-08,25.2,New Delhi
2023-04-09,26.7,New Delhi
2023-04-10,27.1,New Delhi
2023-04-11,28.1,New Delhi
2023-04-12,29.7,New Delhi
2023-04-13,29.7,New Delhi
2023-04-14,30.1,New Delhi
2023-04-15,31.3,New Delhi
2023-04-16,31.7,New Delhi
2023-04-17,32.8,New Delhi
2023-04-18,32.7,New Delhi
2023-04-19,29.9,New Delhi
2023-04-20,28.4,New Delhi
2023-04-21,29.0,New Delhi
2023-04-22,29.0,New Delhi
2023-04-23,27.2,New Delhi
2023-04-24,26.2,New Delhi
2023-04-25,27.3,New Delhi
2023-04-26,29.2,New Delhi
2023-04-27,29.4,New Delhi
2023-04-28,28.2,New Delhi
2023-04-29,26.6,New Delhi
2023-04-30,24.6,New Delhi
2023-05-01,22.1,New Delhi
2023-05-02,22.3,New Delhi
2023-05-03,22.6,New Delhi
2023-05-04,24.1,New Delhi
2023-05-05,25.5,New Delhi
2023-05-06,26.7,New Delhi
2023-05-07,27.9,New Delhi
2023-05-08,28.9,New Delhi
2023-05-09,29.5,New Delhi
2023-05-10,29.8,New Delhi
2023-05-11,31.3,New Delhi
2023-05-12,33.1,New Delhi
2023-05-13,33.3,New Delhi
2023-05-14,32.6,New Delhi
2023-05-15,33.4,New Delhi
2023-05-16,32.6,New Delhi
2023-05-17,33.3,New Delhi
2023-05-18,30.7,New Delhi
2023-05-19,31.7,New Delhi
2023-05-20,33.0,New Delhi
2023-05-21,35.1,New Delhi
2023-05-22,36.3,New Delhi
2023-05-23,35.2,New Delhi
2023-05-24,30.6,New Delhi
2023-05-25,27.7,New Delhi
2023-05-26,28.1,New Delhi
2023-05-27,26.9,New Delhi
2023-05-28,27.0,New Delhi
2023-05-29,26.9,New Delhi
2023-05-30,27.0,New Delhi
2023-05-31,24.7,New Delhi
2023-06-01,26.1,New Delhi
2023-06-02,27.2,New Delhi
2023-06-03,29.1,New Delhi
2023-06-04,29.3,New Delhi
2023-06-05,30.6,New Delhi
2023-06-06,31.7,New Delhi
2023-06-07,32.3,New Delhi
2023-06-08,33.1,New Delhi
2023-06-09,34.4,New Delhi
2023-06-10,34.5,New Delhi
2023-06-11,33.9,New Delhi
2023-06-12,35.1,New Delhi
2023-06-13,36.5,New Delhi
2023-06-14,35.9,New Delhi
2023-06-15,33.6,New Delhi
2023-06-16,32.3,New Delhi
2023-06-17,33.2,New Delhi
2023-06-18,32.3,New Delhi
2023-06-19,29.8,New Delhi
2023-06-20,31.0,New Delhi
2023-06-21,29.6,New Delhi
2023-06-22,31.4,New Delhi
2023-06-23,30.9,New Delhi
2023-06-24,30.7,New Delhi
2023-06-25,28.0,New Delhi
2023-06-26,28.0,New Delhi
2023-06-27,28.6,New Delhi
2023-06-28,29.0,New Delhi
2023-06-29,28.6,New Delhi
2023-06-30,28.8,New Delhi
2023-07-01,28.8,New Delhi
2023-07-02,30.3,New Delhi
2023-07-03,30.9,New Delhi
2023-07-04,30.8,New Delhi
2023-07-05,29.0,New Delhi
2023-07-06,29.0,New Delhi
2023-07-07,28.6,New Delhi
2023-07-08,27.4,New Delhi
2023-07-09,27.2,New Delhi
2023-07-10,27.7,New Delhi
2023-07-11,28.5,New Delhi
2023-07-12,28.6,New Delhi
2023-07-13,29.2,New Delhi
2023-07-14,28.5,New Delhi
2023-07-15,28.8,New Delhi
2023-07-16,28.7,New Delhi
2023-07-17,29.2,New Delhi
2023-07-18,28.2,New Delhi
2023-07-19,28.9,New Delhi
2023-07-20,29.9,New Delhi
2023-07-21,31.0,New Delhi
2023-07-22,30.5,New Delhi
2023-07-23,30.9,New Delhi
2023-07-24,30.0,New Delhi
2023-07-25,29.4,New Delhi
2023-07-26,27.2,New Delhi
2023-07-27,28.7,New Delhi
2023-07-28,28.3,New Delhi
2023-07-29,28.1,New Delhi
2023-07-30,29.0,New Delhi
2023-07-31,29.6,New Delhi
2023-08-01,30.3,New Delhi
2023-08-02,30.1,New Delhi
2023-08-03,29.5,New Delhi
2023-08-04,28.6,New Delhi
2023-08-05,29.7,New Delhi
2023-08-06,30.1,New Delhi
2023-08-07,29.8,New Delhi
2023-08-08,30.1,New Delhi
2023-08-09,30.5,New Delhi
2023-08-10,30.0,New Delhi
2023-08-11,30.7,New Delhi
2023-08-12,31.2,New Delhi
2023-08-13,31.0,New Delhi
2023-08-14,29.6,New Delhi
2023-08-15,30.0,New Delhi
2023-08-16,31.3,New Delhi
2023-08-17,32.3,New Delhi
2023-08-18,32.0,New Delhi
2023-08-19,30.7,New Delhi
2023-08-20,32.4,New Delhi
2023-08-21,32.4,New Delhi
2023-08-22,30.9,New Delhi
2023-08-23,28.0,New Delhi
2023-08-24,29.1,New Delhi
2023-08-25,29.9,New Delhi
2023-08-26,30.3,New Delhi
2023-08-27,30.5,New Delhi
2023-08-28,29.7,New Delhi
2023-08-29,30.9,New Delhi
2023-08-30,31.5,New Delhi
2023-08-31,31.9,New Delhi
2023-09-01,32.7,New Delhi
2023-09-02,32.6,New Delhi
2023-09-03,31.9,New Delhi
2023-09-04,31.8,New Delhi
2023-09-05,31.1,New Delhi
2023-09-06,31.5,New Delhi
2023-09-07,32.4,New Delhi
2023-09-08,30.8,New Delhi
2023-09-09,28.0,New Delhi
2023-09-10,26.4,New Delhi
2023-09-11,27.7,New Delhi
2023-09-12,28.8,New Delhi
2023-09-13,29.7,New Delhi
2023-09-14,29.3,New Delhi
2023-09-15,28.1,New Delhi
2023-09-16,28.5,New Delhi
2023-09-17,27.3,New Delhi
2023-09-18,27.9,New Delhi
2023-09-19,28.7,New Delhi
2023-09-20,29.5,New Delhi
2023-09-21,28.9,New Delhi
2023-09-22,29.3,New Delhi
2023-09-23,28.6,New Delhi
2023-09-24,27.9,New Delhi
2023-09-25,28.5,New Delhi
2023-09-26,28.8,New Delhi
2023-09-27,27.7,New Delhi
2023-09-28,26.5,New Delhi
2023-09-29,26.7,New Delhi
2023-09-30,27.7,New Delhi
2023-10-01,27.1,New Delhi
2023-10-02,26.4,New Delhi
2023-10-03,26.1,New Delhi
2023-10-04,26.2,New Delhi
2023-10-05,26.5,New Delhi
2023-10-06,27.2,New Delhi
2023-10-07,28.5,New Delhi
2023-10-08,29.7,New Delhi
2023-10-09,29.5,New Delhi
2023-10-10,28.4,New Delhi
2023-10-11,26.6,New Delhi
2023-10-12,25.9,New Delhi
2023-10-13,27.5,New Delhi
2023-10-14,28.2,New Delhi
2023-10-15,27.3,New Delhi
2023-10-16,24.4,New Delhi
2023-10-17,22.5,New Delhi
2023-10-18,22.7,New Delhi
2023-10-19,22.2,New Delhi
2023-10-20,22.7,New Delhi
2023-10-21,23.1,New Delhi
2023-10-22,23.5,New Delhi
2023-10-23,23.7,New Delhi
2023-10-24,23.6,New Delhi
2023-10-25,23.4,New Delhi
2023-10-26,23.1,New Delhi
2023-10-27,23.0,New Delhi
2023-10-28,23.8,New Delhi
2023-10-29,24.1,New Delhi
2023-10-30,24.3,New Delhi
2023-10-31,24.5,New Delhi
2023-11-01,24.2,New Delhi
2023-11-02,24.2,New Delhi
2023-11-03,22.7,New Delhi
2023-11-04,22.7,New Delhi
2023-11-05,22.7,New Delhi
2023-11-06,22.2,New Delhi
2023-11-07,22.5,New Delhi
2023-11-08,22.5,New Delhi
2023-11-09,22.6,New Delhi
2023-11-10,20.6,New Delhi
2023-11-11,19.3,New Delhi
2023-11-12,18.8,New Delhi
2023-11-13,19.0,New Delhi
2023-11-14,19.1,New Delhi
2023-11-15,18.5,New Delhi
2023-11-16,19.6,New Delhi
2023-11-17,20.4,New Delhi
2023-11-18,20.0,New Delhi
2023-11-19,20.0,New Delhi
2023-11-20,19.5,New Delhi
2023-11-21,18.7,New Delhi
2023-11-22,18.1,New Delhi
2023-11-23,17.8,New Delhi
2023-11-24,18.4,New Delhi
2023-11-25,18.5,New Delhi
2023-11-26,19.1,New Delhi
2023-11-27,18.5,New Delhi
2023-11-28,17.7,New Delhi
2023-11-29,18.8,New Delhi
2023-11-30,17.7,New Delhi
2023-12-01,18.6,New Delhi
2023-12-02,18.4,New Delhi
2023-12-03,18.1,New Delhi
2023-12-04,17.9,New Delhi
2023-12-05,16.7,New Delhi
2023-12-06,16.5,New Delhi
2023-12-07,16.7,New Delhi
2023-12-08,16.4,New Delhi
2023-12-09,15.7,New Delhi
2023-12-10,15.4,New Delhi
2023-12-11,15.1,New Delhi
2023-12-12,15.3,New Delhi
2023-12-13,15.6,New Delhi
2023-12-14,14.7,New Delhi
2023-12-15,14.1,New Delhi
2023-12-16,14.3,New Delhi
2023-12-17,15.0,New Delhi
2023-12-18,14.2,New Delhi
2023-12-19,14.0,New Delhi
2023-12-20,13.4,New Delhi
2023-12-21,13.8,New Delhi
2023-12-22,13.7,New Delhi
2023-12-23,16.2,New Delhi
2023-12-24,15.6,New Delhi
2023-12-25,15.3,New Delhi
2023-12-26,15.1,New Delhi
2023-12-27,14.4,New Delhi
2023-12-28,13.7,New Delhi
2023-12-29,13.0,New Delhi
2023-12-30,12.6,New Delhi
2023-12-31,12.7,New Delhi
